dataset,patient_id,gene,mut_peptide,wt_peptide,peptide_length,hla_allele,label_stim,label_nostim,label_stim_ge55,mut_netmhcpan41_affinity_nM,mut_netmhcstabpan_thalf_hours,wt_netmhcpan41_affinity_nM,wt_netmhcstabpan_thalf_hours,mut_tlstab_thalf_hours,mhc_sequence,peptide_sequence,mut_stability_SPA,mut_stability_Purified_Fluor,mut_stability_Cellular_Fluor,mut_stability_Other
braun,101,PIK3CA,ITKQEKDFLW,,10,HLA-B*57:01,1,0,1,14.11,11.85,,,35.7155054027443,MRVTAPRTVLLLLWGAVALTETWAGSHSMRYFYTAMSRPGRGEPRFIAVGYVDDTQFVRFDSDAASPRMAPRAPWIEQEGPEYWDGETRNMKASAQTYRENLRIALRYYNQSEAGSHIIQVMYGCDVGPDGRLLRGHDQSAYDGKDYIALNEDLSSWTAADTAAQITQRKWEAARVAEQLRAYLEGLCVEWLRRYLENGKETLQRADPPKTHVTHHPISDHEATLRCWALGFYPAEITLTWQRDGEDQTQDTELVETRPAGDRTFQKWAAVVVPSGEEQRYTCHVQHEGLPKPLTLRWEPSSQSTVPIVGIVAGLAVLAVVVIGAVVAAVMCRRKSSGGKGGSYSQAACSDSAQGSDVSLTA,ITKQEKDFLW,11.183485,5.249697,9.426062,9.414087
braun,101,CUX1,KEKIREYEQAL,,11,HLA-B*40:01,1,0,1,1953.59,0.54,,,0.884411666577439,MRVTAPRTVLLLLSAALALTETWAGSHSMRYFHTAMSRPGRGEPRFITVGYVDDTLFVRFDSDATSPRKEPRAPWIEQEGPEYWDRETQISKTNTQTYRESLRNLRGYYNQSEAGSHTLQRMYGCDVGPDGRLLRGHNQYAYDGKDYIALNEDLRSWTAADTAAQISQRKLEAARVAEQLRAYLEGECVEWLRRYLENGKDKLERADPPKTHVTHHPISDHEATLRCWALGFYPAEITLTWQRDGEDQTQDTELVETRPAGDRTFQKWAAVVVPSGEEQRYTCHVQHEGLPKPLTLRWEPSSQSTVPIVGIVAGLAVLAVVVIGAVVAAVMCRRKSSGGKGGSYSQAACSDSAQGSDVSLTA,KEKIREYEQAL,0.9172585,2.1687994,3.3003774,1.8906709
braun,101,PARD6B,VRNSRTSGY,,9,HLA-C*06:02,0,0,0,534.6,0.2,,,0.350115389133608,MRVMAPRTLILLLSGALALTETWACSHSMRYFDTAVSRPGRGEPRFISVGYVDDTQFVRFDSDAASPRGEPRAPWVEQEGPEYWDRETQKYKRQAQADRVNLRKLRGYYNQSEDGSHTLQWMYGCDLGPDGRLLRGYDQSAYDGKDYIALNEDLRSWTAADTAAQITQRKWEAAREAEQWRAYLEGTCVEWLRRYLENGKETLQRAEHPKTHVTHHPVSDHEATLRCWALGFYPAEITLTWQRDGEDQTQDTELVETRPAGDGTFQKWAAVVVPSGEEQRYTCHVQHEGLPEPLTLRWEPSSQPTIPIVGIVAGLAVLAVLAVLGAVMAVVMCRRKSSGGKGGSCSQAASSNSAQGSDESLIACKA,VRNSRTSGY,3.0490632,2.7538445,4.9069653,3.4849594
braun,101,PARD6B,VRNSRTSGY,,9,HLA-A*66:01,0,0,0,19687.53,0.15,,,0.182167611294221,MAVMAPRTLVLLLSGALALTQTWAGSHSMRYFYTSVSRPGRGEPRFIAVGYVDDTQFVRFDSDAASQRMEPRAPWIEQEGPEYWDRNTRNVKAQSQTDRVDLGTLRGYYNQSEDGSHTIQRMYGCDVGPDGRFLRGYQQDAYDGKDYIALNEDLRSWTAADMAAQITQRKWETAHEAEQWRAYLEGRCVEWLRRYLENGKETLQRTDAPKTHMTHHAVSDHEATLRCWALSFYPAEITLTWQRDGEDQTQDTELVETRPAGDGTFQKWASVVVPSGQEQRYTCHVQHEGLPKPLTLRWEPSSQPTIPIVGIIAGLVLFGAVIAGAVVAAVMWRRKSSDRKGGSYSQAASSDSAQGSDMSLTACKV,VRNSRTSGY,0.21587214,1.6926243,2.0371952,1.0595604
braun,101,PIK3CA,ITKQEKDFLW,,10,HLA-B*57:01,1,1,1,14.11,11.85,,,35.7155054027443,MRVTAPRTVLLLLWGAVALTETWAGSHSMRYFYTAMSRPGRGEPRFIAVGYVDDTQFVRFDSDAASPRMAPRAPWIEQEGPEYWDGETRNMKASAQTYRENLRIALRYYNQSEAGSHIIQVMYGCDVGPDGRLLRGHDQSAYDGKDYIALNEDLSSWTAADTAAQITQRKWEAARVAEQLRAYLEGLCVEWLRRYLENGKETLQRADPPKTHVTHHPISDHEATLRCWALGFYPAEITLTWQRDGEDQTQDTELVETRPAGDRTFQKWAAVVVPSGEEQRYTCHVQHEGLPKPLTLRWEPSSQSTVPIVGIVAGLAVLAVVVIGAVVAAVMCRRKSSGGKGGSYSQAACSDSAQGSDVSLTA,ITKQEKDFLW,11.183485,5.249697,9.426062,9.414087
braun,101,TRIM8,SVASHGGHQPY,,11,HLA-A*66:01,0,1,0,2745.68,0.34,,,0.467621358384378,MAVMAPRTLVLLLSGALALTQTWAGSHSMRYFYTSVSRPGRGEPRFIAVGYVDDTQFVRFDSDAASQRMEPRAPWIEQEGPEYWDRNTRNVKAQSQTDRVDLGTLRGYYNQSEDGSHTIQRMYGCDVGPDGRFLRGYQQDAYDGKDYIALNEDLRSWTAADMAAQITQRKWETAHEAEQWRAYLEGRCVEWLRRYLENGKETLQRTDAPKTHMTHHAVSDHEATLRCWALSFYPAEITLTWQRDGEDQTQDTELVETRPAGDGTFQKWASVVVPSGQEQRYTCHVQHEGLPKPLTLRWEPSSQPTIPIVGIIAGLVLFGAVIAGAVVAAVMWRRKSSDRKGGSYSQAASSDSAQGSDMSLTACKV,SVASHGGHQPY,0.22881162,1.7834682,2.081264,1.0914774
braun,101,DKK3,GEILLPRDV,,9,HLA-B*40:01,0,1,1,478.52,0.56,,,0.863862032203672,MRVTAPRTVLLLLSAALALTETWAGSHSMRYFHTAMSRPGRGEPRFITVGYVDDTLFVRFDSDATSPRKEPRAPWIEQEGPEYWDRETQISKTNTQTYRESLRNLRGYYNQSEAGSHTLQRMYGCDVGPDGRLLRGHNQYAYDGKDYIALNEDLRSWTAADTAAQISQRKLEAARVAEQLRAYLEGECVEWLRRYLENGKDKLERADPPKTHVTHHPISDHEATLRCWALGFYPAEITLTWQRDGEDQTQDTELVETRPAGDRTFQKWAAVVVPSGEEQRYTCHVQHEGLPKPLTLRWEPSSQSTVPIVGIVAGLAVLAVVVIGAVVAAVMCRRKSSGGKGGSYSQAACSDSAQGSDVSLTA,GEILLPRDV,1.0237733,2.3817067,3.5066714,2.0579906
braun,101,PIK3CA,ITKQEKDFLW,,10,HLA-B*57:01,0,1,0,14.11,11.85,,,35.7155054027443,MRVTAPRTVLLLLWGAVALTETWAGSHSMRYFYTAMSRPGRGEPRFIAVGYVDDTQFVRFDSDAASPRMAPRAPWIEQEGPEYWDGETRNMKASAQTYRENLRIALRYYNQSEAGSHIIQVMYGCDVGPDGRLLRGHDQSAYDGKDYIALNEDLSSWTAADTAAQITQRKWEAARVAEQLRAYLEGLCVEWLRRYLENGKETLQRADPPKTHVTHHPISDHEATLRCWALGFYPAEITLTWQRDGEDQTQDTELVETRPAGDRTFQKWAAVVVPSGEEQRYTCHVQHEGLPKPLTLRWEPSSQSTVPIVGIVAGLAVLAVVVIGAVVAAVMCRRKSSGGKGGSYSQAACSDSAQGSDVSLTA,ITKQEKDFLW,11.183485,5.249697,9.426062,9.414087
braun,101,PRDM2,TETDSDPMV,,9,HLA-B*40:01,1,1,0,1736.04,0.56,,,0.587077347185602,MRVTAPRTVLLLLSAALALTETWAGSHSMRYFHTAMSRPGRGEPRFITVGYVDDTLFVRFDSDATSPRKEPRAPWIEQEGPEYWDRETQISKTNTQTYRESLRNLRGYYNQSEAGSHTLQRMYGCDVGPDGRLLRGHNQYAYDGKDYIALNEDLRSWTAADTAAQISQRKLEAARVAEQLRAYLEGECVEWLRRYLENGKDKLERADPPKTHVTHHPISDHEATLRCWALGFYPAEITLTWQRDGEDQTQDTELVETRPAGDRTFQKWAAVVVPSGEEQRYTCHVQHEGLPKPLTLRWEPSSQSTVPIVGIVAGLAVLAVVVIGAVVAAVMCRRKSSGGKGGSYSQAACSDSAQGSDVSLTA,TETDSDPMV,0.9680585,2.3002257,3.4188998,1.9676583
braun,101,ATP2B1,LFRGLQSR,,8,HLA-A*66:01,1,1,1,29229.49,0.12,,,0.0608742571022965,MAVMAPRTLVLLLSGALALTQTWAGSHSMRYFYTSVSRPGRGEPRFIAVGYVDDTQFVRFDSDAASQRMEPRAPWIEQEGPEYWDRNTRNVKAQSQTDRVDLGTLRGYYNQSEDGSHTIQRMYGCDVGPDGRFLRGYQQDAYDGKDYIALNEDLRSWTAADMAAQITQRKWETAHEAEQWRAYLEGRCVEWLRRYLENGKETLQRTDAPKTHMTHHAVSDHEATLRCWALSFYPAEITLTWQRDGEDQTQDTELVETRPAGDGTFQKWASVVVPSGQEQRYTCHVQHEGLPKPLTLRWEPSSQPTIPIVGIIAGLVLFGAVIAGAVVAAVMWRRKSSDRKGGSYSQAASSDSAQGSDMSLTACKV,LFRGLQSR,0.12631653,1.6233957,1.8532023,0.9359559
braun,101,CAMTA2,REGTGAVGL,,9,HLA-B*40:01,1,0,0,20.49,1.25,,,1.17814740953829,MRVTAPRTVLLLLSAALALTETWAGSHSMRYFHTAMSRPGRGEPRFITVGYVDDTLFVRFDSDATSPRKEPRAPWIEQEGPEYWDRETQISKTNTQTYRESLRNLRGYYNQSEAGSHTLQRMYGCDVGPDGRLLRGHNQYAYDGKDYIALNEDLRSWTAADTAAQISQRKLEAARVAEQLRAYLEGECVEWLRRYLENGKDKLERADPPKTHVTHHPISDHEATLRCWALGFYPAEITLTWQRDGEDQTQDTELVETRPAGDRTFQKWAAVVVPSGEEQRYTCHVQHEGLPKPLTLRWEPSSQSTVPIVGIVAGLAVLAVVVIGAVVAAVMCRRKSSGGKGGSYSQAACSDSAQGSDVSLTA,REGTGAVGL,1.0580751,2.268187,3.4561353,2.0468688
braun,101,VHL,ITLPVYSER,,9,HLA-A*66:01,1,0,1,1574.65,0.48,,,0.796192390709839,MAVMAPRTLVLLLSGALALTQTWAGSHSMRYFYTSVSRPGRGEPRFIAVGYVDDTQFVRFDSDAASQRMEPRAPWIEQEGPEYWDRNTRNVKAQSQTDRVDLGTLRGYYNQSEDGSHTIQRMYGCDVGPDGRFLRGYQQDAYDGKDYIALNEDLRSWTAADMAAQITQRKWETAHEAEQWRAYLEGRCVEWLRRYLENGKETLQRTDAPKTHMTHHAVSDHEATLRCWALSFYPAEITLTWQRDGEDQTQDTELVETRPAGDGTFQKWASVVVPSGQEQRYTCHVQHEGLPKPLTLRWEPSSQPTIPIVGIIAGLVLFGAVIAGAVVAAVMWRRKSSDRKGGSYSQAASSDSAQGSDMSLTACKV,ITLPVYSER,1.2957864,2.3294597,3.6618829,2.252801
braun,101,SLC34A3,RAAASSRRPS,,10,HLA-A*66:01,0,0,0,31884.34,0.1,,,0.609171761301728,MAVMAPRTLVLLLSGALALTQTWAGSHSMRYFYTSVSRPGRGEPRFIAVGYVDDTQFVRFDSDAASQRMEPRAPWIEQEGPEYWDRNTRNVKAQSQTDRVDLGTLRGYYNQSEDGSHTIQRMYGCDVGPDGRFLRGYQQDAYDGKDYIALNEDLRSWTAADMAAQITQRKWETAHEAEQWRAYLEGRCVEWLRRYLENGKETLQRTDAPKTHMTHHAVSDHEATLRCWALSFYPAEITLTWQRDGEDQTQDTELVETRPAGDGTFQKWASVVVPSGQEQRYTCHVQHEGLPKPLTLRWEPSSQPTIPIVGIIAGLVLFGAVIAGAVVAAVMWRRKSSDRKGGSYSQAASSDSAQGSDMSLTACKV,RAAASSRRPS,0.29549566,1.9690812,2.2568717,1.2056181
braun,102,UBR3,FPSETNLSKEV,,11,HLA-B*35:03,0,1,1,2065.21,1.67,,,0.911766347526779,MRVTAPRTVLLLLWGAVALTETWAGSHSMRYFYTAMSRPGRGEPRFIAVGYVDDTQFVRFDSDAASPRTEPRAPWIEQEGPEYWDRNTQIFKTNTQTYRESLRNLRGYYNQSEAGSHIIQRMYGCDLGPDGRLLRGHDQFAYDGKDYIALNEDLSSWTAADTAAQITQRKWEAARVAEQLRAYLEGLCVEWLRRYLENGKETLQRADPPKTHVTHHPVSDHEATLRCWALGFYPAEITLTWQRDGEDQTQDTELVETRPAGDRTFQKWAAVVVPSGEEQRYTCHVQHEGLPKPLTLRWEPSSQSTIPIVGIVAGLAVLAVVVIGAVVATVMCRRKSSGGKGGSYSQAASSDSAQGSDVSLTA,FPSETNLSKEV,1.7638443,2.5890365,4.074393,2.5962276
braun,102,AP2B1,NAFVEEVM,,8,HLA-A*02:01,0,1,1,36708.98,0.14,,,0.518108754591748,MAVMAPRTLVLLLSGALALTQTWAGSHSMRYFFTSVSRPGRGEPRFIAVGYVDDTQFVRFDSDAASQRMEPRAPWIEQEGPEYWDGETRKVKAHSQTHRVDLGTLRGYYNQSEAGSHTVQRMYGCDVGSDWRFLRGYHQYAYDGKDYIALKEDLRSWTAADMAAQTTKHKWEAAHVAEQLRAYLEGTCVEWLRRYLENGKETLQRTDAPKTHMTHHAVSDHEATLRCWALSFYPAEITLTWQRDGEDQTQDTELVETRPAGDGTFQKWAAVVVPSGQEQRYTCHVQHEGLPKPLTLRWEPSSQPTIPIVGIIAGLVLFGAVITGAVVAAVMWRRKSSDRKGGSYSQAASSDSAQGSDVSLTACKV,NAFVEEVM,0.64955115,2.1401687,2.6089673,1.5076151
braun,102,BAP1,FHFVIYVPI,,9,HLA-B*38:01,1,1,1,579.3,2.55,,,0.735965822572367,MLVMAPRTVLLLLSAALALTETWAGSHSMRYFYTSVSRPGRGEPRFISVGYVDDTQFVRFDSDAASPREEPRAPWIEQEGPEYWDRNTQICKTNTQTYRENLRIALRYYNQSEAGSHTLQRMYGCDVGPDGRLLRGHNQFAYDGKDYIALNEDLSSWTAADTAAQITQRKWEAARVAEQLRTYLEGTCVEWLRRYLENGKETLQRADPPKTHVTHHPISDHEATLRCWALGFYPAEITLTWQRDGEDQTQDTELVETRPAGDRTFQKWAAVVVPSGEEQRYTCHVQHEGLPKPLTLRWEPSSQSTVPIVGIVAGLAVLAVVVIGAVVAAVMCRRKSSGGKGGSYSQAASSDSAQGSDVSLTA,FHFVIYVPI,2.1203942,2.4383667,4.267975,2.7420528
braun,102,AP2B1,LALPLQRTW,,9,HLA-A*02:01,0,1,0,31333.72,0.17,,,0.491566186053721,MAVMAPRTLVLLLSGALALTQTWAGSHSMRYFFTSVSRPGRGEPRFIAVGYVDDTQFVRFDSDAASQRMEPRAPWIEQEGPEYWDGETRKVKAHSQTHRVDLGTLRGYYNQSEAGSHTVQRMYGCDVGSDWRFLRGYHQYAYDGKDYIALKEDLRSWTAADMAAQTTKHKWEAAHVAEQLRAYLEGTCVEWLRRYLENGKETLQRTDAPKTHMTHHAVSDHEATLRCWALSFYPAEITLTWQRDGEDQTQDTELVETRPAGDGTFQKWAAVVVPSGQEQRYTCHVQHEGLPKPLTLRWEPSSQPTIPIVGIIAGLVLFGAVITGAVVAAVMWRRKSSDRKGGSYSQAASSDSAQGSDVSLTACKV,LALPLQRTW,0.44726062,2.4643621,2.595611,1.4691045
braun,102,PANK2,LPFDLKNPF,,9,HLA-B*35:03,0,1,0,223.77,2.59,,,0.979989983256725,MRVTAPRTVLLLLWGAVALTETWAGSHSMRYFYTAMSRPGRGEPRFIAVGYVDDTQFVRFDSDAASPRTEPRAPWIEQEGPEYWDRNTQIFKTNTQTYRESLRNLRGYYNQSEAGSHIIQRMYGCDLGPDGRLLRGHDQFAYDGKDYIALNEDLSSWTAADTAAQITQRKWEAARVAEQLRAYLEGLCVEWLRRYLENGKETLQRADPPKTHVTHHPVSDHEATLRCWALGFYPAEITLTWQRDGEDQTQDTELVETRPAGDRTFQKWAAVVVPSGEEQRYTCHVQHEGLPKPLTLRWEPSSQSTIPIVGIVAGLAVLAVVVIGAVVATVMCRRKSSGGKGGSYSQAASSDSAQGSDVSLTA,LPFDLKNPF,3.120192,3.105109,5.0463047,3.6624227
braun,102,ANKMY1,AHYSTDTAL,,9,HLA-B*38:01,0,1,0,272.67,0.87,,,0.729248794659519,MLVMAPRTVLLLLSAALALTETWAGSHSMRYFYTSVSRPGRGEPRFISVGYVDDTQFVRFDSDAASPREEPRAPWIEQEGPEYWDRNTQICKTNTQTYRENLRIALRYYNQSEAGSHTLQRMYGCDVGPDGRLLRGHNQFAYDGKDYIALNEDLSSWTAADTAAQITQRKWEAARVAEQLRTYLEGTCVEWLRRYLENGKETLQRADPPKTHVTHHPISDHEATLRCWALGFYPAEITLTWQRDGEDQTQDTELVETRPAGDRTFQKWAAVVVPSGEEQRYTCHVQHEGLPKPLTLRWEPSSQSTVPIVGIVAGLAVLAVVVIGAVVAAVMCRRKSSGGKGGSYSQAASSDSAQGSDVSLTA,AHYSTDTAL,1.7880318,2.420494,3.911131,2.4894955
braun,102,AHNAK2,LPSMQEDL,,8,HLA-B*35:01,0,0,0,12439.68,0.9,,,0.537844111801993,MRVTAPRTVLLLLWGAVALTETWAGSHSMRYFYTAMSRPGRGEPRFIAVGYVDDTQFVRFDSDAASPRTEPRAPWIEQEGPEYWDRNTQIFKTNTQTYRESLRNLRGYYNQSEAGSHIIQRMYGCDLGPDGRLLRGHDQSAYDGKDYIALNEDLSSWTAADTAAQITQRKWEAARVAEQLRAYLEGLCVEWLRRYLENGKETLQRADPPKTHVTHHPVSDHEATLRCWALGFYPAEITLTWQRDGEDQTQDTELVETRPAGDRTFQKWAAVVVPSGEEQRYTCHVQHEGLPKPLTLRWEPSSQSTIPIVGIVAGLAVLAVVVIGAVVATVMCRRKSSGGKGGSYSQAASSDSAQGSDVSLTA,LPSMQEDL,0.95540416,2.1461027,3.2748158,1.9086359
braun,102,CYP27B1,EPAQFPEPNSF,,11,HLA-B*35:03,1,0,0,11073.65,0.71,,,0.281443653904978,MRVTAPRTVLLLLWGAVALTETWAGSHSMRYFYTAMSRPGRGEPRFIAVGYVDDTQFVRFDSDAASPRTEPRAPWIEQEGPEYWDRNTQIFKTNTQTYRESLRNLRGYYNQSEAGSHIIQRMYGCDLGPDGRLLRGHDQFAYDGKDYIALNEDLSSWTAADTAAQITQRKWEAARVAEQLRAYLEGLCVEWLRRYLENGKETLQRADPPKTHVTHHPVSDHEATLRCWALGFYPAEITLTWQRDGEDQTQDTELVETRPAGDRTFQKWAAVVVPSGEEQRYTCHVQHEGLPKPLTLRWEPSSQSTIPIVGIVAGLAVLAVVVIGAVVATVMCRRKSSGGKGGSYSQAASSDSAQGSDVSLTA,EPAQFPEPNSF,1.537329,2.4190326,3.8098824,2.368091
braun,104,THAP9,FQESYFESY,,9,HLA-A*01:01,1,0,0,928.2,0.45,,,0.384817750359775,MAVMAPRTLLLLLSGALALTQTWAGSHSMRYFFTSVSRPGRGEPRFIAVGYVDDTQFVRFDSDAASQKMEPRAPWIEQEGPEYWDQETRNMKAHSQTDRANLGTLRGYYNQSEDGSHTIQIMYGCDVGPDGRFLRGYRQDAYDGKDYIALNEDLRSWTAADMAAQITKRKWEAVHAAEQRRVYLEGRCVDGLRRYLENGKETLQRTDPPKTHMTHHPISDHEATLRCWALGFYPAEITLTWQRDGEDQTQDTELVETRPAGDGTFQKWAAVVVPSGEEQRYTCHVQHEGLPKPLTLRWELSSQPTIPIVGIIAGLVLLGAVITGAVVAAVMWRRKSSDRKGGSYTQAASSDSAQGSDVSLTACKV,FQESYFESY,1.2912018,1.726501,3.1273215,1.9144428
braun,104,AMOTL2,HPPPHIQL,,8,HLA-C*07:01,0,0,0,19611.84,0.16,,,0.481844457124484,MRVMAPRALLLLLSGGLALTETWACSHSMRYFDTAVSRPGRGEPRFISVGYVDDTQFVRFDSDAASPRGEPRAPWVEQEGPEYWDRETQNYKRQAQADRVSLRNLRGYYNQSEDGSHTLQRMYGCDLGPDGRLLRGYDQSAYDGKDYIALNEDLRSWTAADTAAQITQRKLEAARAAEQLRAYLEGTCVEWLRRYLENGKETLQRAEPPKTHVTHHPLSDHEATLRCWALGFYPAEITLTWQRDGEDQTQDTELVETRPAGDGTFQKWAAVVVPSGQEQRYTCHMQHEGLQEPLTLSWEPSSQPTIPIMGIVAGLAVLVVLAVLGAVVTAMMCRRKSSGGKGGSCSQAACSNSAQGSDESLITCKA,HPPPHIQL,0.8015609,1.8667481,2.9826512,1.6408386
braun,104,MME,LLYNKMIL,,8,HLA-B*08:01,1,0,0,231.67,0.23,,,0.779122318737708,MLVMAPRTVLLLLSAALALTETWAGSHSMRYFDTAMSRPGRGEPRFISVGYVDDTQFVRFDSDAASPREEPRAPWIEQEGPEYWDRNTQIFKTNTQTDRESLRNLRGYYNQSEAGSHTLQSMYGCDVGPDGRLLRGHNQYAYDGKDYIALNEDLRSWTAADTAAQITQRKWEAARVAEQDRAYLEGTCVEWLRRYLENGKDTLERADPPKTHVTHHPISDHEATLRCWALGFYPAEITLTWQRDGEDQTQDTELVETRPAGDRTFQKWAAVVVPSGEEQRYTCHVQHEGLPKPLTLRWEPSSQSTVPIVGIVAGLAVLAVVVIGAVVAAVMCRRKSSGGKGGSYSQAACSDSAQGSDVSLTA,LLYNKMIL,0.98094124,2.1052418,3.2841241,1.8770026
braun,104,SLC4A4,GSPAITHRNL,,10,HLA-C*06:02,1,0,0,19174.37,0.14,,,0.395130251666679,MRVMAPRTLILLLSGALALTETWACSHSMRYFDTAVSRPGRGEPRFISVGYVDDTQFVRFDSDAASPRGEPRAPWVEQEGPEYWDRETQKYKRQAQADRVNLRKLRGYYNQSEDGSHTLQWMYGCDLGPDGRLLRGYDQSAYDGKDYIALNEDLRSWTAADTAAQITQRKWEAAREAEQWRAYLEGTCVEWLRRYLENGKETLQRAEHPKTHVTHHPVSDHEATLRCWALGFYPAEITLTWQRDGEDQTQDTELVETRPAGDGTFQKWAAVVVPSGEEQRYTCHVQHEGLPEPLTLRWEPSSQPTIPIVGIVAGLAVLAVLAVLGAVMAVVMCRRKSSGGKGGSCSQAASSNSAQGSDESLIACKA,GSPAITHRNL,0.21312347,1.5939639,2.0181015,1.0209208
braun,104,AMACR,SRNDVSRL,,8,HLA-C*06:02,1,0,0,1799.32,0.15,,,0.522992900204237,MRVMAPRTLILLLSGALALTETWACSHSMRYFDTAVSRPGRGEPRFISVGYVDDTQFVRFDSDAASPRGEPRAPWVEQEGPEYWDRETQKYKRQAQADRVNLRKLRGYYNQSEDGSHTLQWMYGCDLGPDGRLLRGYDQSAYDGKDYIALNEDLRSWTAADTAAQITQRKWEAAREAEQWRAYLEGTCVEWLRRYLENGKETLQRAEHPKTHVTHHPVSDHEATLRCWALGFYPAEITLTWQRDGEDQTQDTELVETRPAGDGTFQKWAAVVVPSGEEQRYTCHVQHEGLPEPLTLRWEPSSQPTIPIVGIVAGLAVLAVLAVLGAVMAVVMCRRKSSGGKGGSCSQAASSNSAQGSDESLIACKA,SRNDVSRL,0.981203,2.109142,3.3072996,1.8965516
braun,104,STK39,ILLGEDDSVQI,,11,HLA-B*13:02,0,0,0,14325.58,0.4,,,0.650970729134731,MRVTAPRTLLLLLWGAVALTETWAGSHSMRYFYTAMSRPGRGEPRFITVGYVDDTQFVRFDSDATSPRMAPRAPWIEQEGPEYWDRETQISKTNTQTYRENLRTALRYYNQSEAGSHTWQTMYGCDLGPDGRLLRGHNQLAYDGKDYIALNEDLSSWTAADTAAQITQLKWEAARVAEQLRAYLEGECVEWLRRYLENGKETLQRADPPKTHVTHHPISDHEATLRCWALGFYPAEITLTWQRDGEDQTQDTELVETRPAGDRTFQKWAAVVVPSGEEQRYTCHVQHEGLPKPLTLRWEPSSQSTVPIVGIVAGLAVLAVVVIGAVVAAVMCRRKSSGGKGGSYSQAACSDSAQGSDVSLTA,ILLGEDDSVQI,0.06791827,1.2809498,1.6579843,0.77969754
braun,104,WDR70,IVGPLPPPL,,9,HLA-A*30:01,0,0,0,4493.74,0.15,,,0.352030694056649,MAVMAPRTLLLLLSGALALTQTWAGSHSMRYFSTSVSRPGSGEPRFIAVGYVDDTQFVRFDSDAASQRMEPRAPWIEQERPEYWDQETRNVKAQSQTDRVDLGTLRGYYNQSEAGSHTIQIMYGCDVGSDGRFLRGYEQHAYDGKDYIALNEDLRSWTAADMAAQITQRKWEAARWAEQLRAYLEGTCVEWLRRYLENGKETLQRTDPPKTHMTHHPISDHEATLRCWALGFYPAEITLTWQRDGEDQTQDTELVETRPAGDGTFQKWAAVVVPSGEEQRYTCHVQHEGLPKPLTLRWELSSQPTIPIVGIIAGLVLLGAVITGAVVAAVMWRRKSSDRKGGSYTQAASSDSAQGSDVSLTACKV,IVGPLPPPL,0.12962253,1.0714142,1.6628454,0.7693815
braun,104,NCF4,FRPDSKSSAL,,10,HLA-C*06:02,1,0,0,488.91,0.16,,,0.70531241463468,MRVMAPRTLILLLSGALALTETWACSHSMRYFDTAVSRPGRGEPRFISVGYVDDTQFVRFDSDAASPRGEPRAPWVEQEGPEYWDRETQKYKRQAQADRVNLRKLRGYYNQSEDGSHTLQWMYGCDLGPDGRLLRGYDQSAYDGKDYIALNEDLRSWTAADTAAQITQRKWEAAREAEQWRAYLEGTCVEWLRRYLENGKETLQRAEHPKTHVTHHPVSDHEATLRCWALGFYPAEITLTWQRDGEDQTQDTELVETRPAGDGTFQKWAAVVVPSGEEQRYTCHVQHEGLPEPLTLRWEPSSQPTIPIVGIVAGLAVLAVLAVLGAVMAVVMCRRKSSGGKGGSCSQAASSNSAQGSDESLIACKA,FRPDSKSSAL,2.552746,2.4968603,4.427557,3.0032272
braun,104,PPFIA1,KKGRPGQTGK,,10,HLA-A*30:01,0,1,0,143.65,0.32,,,0.818373193589775,MAVMAPRTLLLLLSGALALTQTWAGSHSMRYFSTSVSRPGSGEPRFIAVGYVDDTQFVRFDSDAASQRMEPRAPWIEQERPEYWDQETRNVKAQSQTDRVDLGTLRGYYNQSEAGSHTIQIMYGCDVGSDGRFLRGYEQHAYDGKDYIALNEDLRSWTAADMAAQITQRKWEAARWAEQLRAYLEGTCVEWLRRYLENGKETLQRTDPPKTHMTHHPISDHEATLRCWALGFYPAEITLTWQRDGEDQTQDTELVETRPAGDGTFQKWAAVVVPSGEEQRYTCHVQHEGLPKPLTLRWELSSQPTIPIVGIIAGLVLLGAVITGAVVAAVMWRRKSSDRKGGSYTQAASSDSAQGSDVSLTACKV,KKGRPGQTGK,3.281157,3.287677,5.4179134,3.9091535
braun,104,PICALM,VAFDFTKVE,,9,HLA-C*06:02,0,1,0,21601.78,0.12,,,0.27685064102614,MRVMAPRTLILLLSGALALTETWACSHSMRYFDTAVSRPGRGEPRFISVGYVDDTQFVRFDSDAASPRGEPRAPWVEQEGPEYWDRETQKYKRQAQADRVNLRKLRGYYNQSEDGSHTLQWMYGCDLGPDGRLLRGYDQSAYDGKDYIALNEDLRSWTAADTAAQITQRKWEAAREAEQWRAYLEGTCVEWLRRYLENGKETLQRAEHPKTHVTHHPVSDHEATLRCWALGFYPAEITLTWQRDGEDQTQDTELVETRPAGDGTFQKWAAVVVPSGEEQRYTCHVQHEGLPEPLTLRWEPSSQPTIPIVGIVAGLAVLAVLAVLGAVMAVVMCRRKSSGGKGGSCSQAASSNSAQGSDESLIACKA,VAFDFTKVE,0.12651384,1.7428998,1.8860298,0.9624887
braun,104,THAP4,SRGAAGWSL,,9,HLA-C*07:01,0,1,1,221.72,0.12,,,0.769587256349423,MRVMAPRALLLLLSGGLALTETWACSHSMRYFDTAVSRPGRGEPRFISVGYVDDTQFVRFDSDAASPRGEPRAPWVEQEGPEYWDRETQNYKRQAQADRVSLRNLRGYYNQSEDGSHTLQRMYGCDLGPDGRLLRGYDQSAYDGKDYIALNEDLRSWTAADTAAQITQRKLEAARAAEQLRAYLEGTCVEWLRRYLENGKETLQRAEPPKTHVTHHPLSDHEATLRCWALGFYPAEITLTWQRDGEDQTQDTELVETRPAGDGTFQKWAAVVVPSGQEQRYTCHMQHEGLQEPLTLSWEPSSQPTIPIMGIVAGLAVLVVLAVLGAVVTAMMCRRKSSGGKGGSCSQAACSNSAQGSDESLITCKA,SRGAAGWSL,1.1711617,2.13524,3.4589698,2.057787
braun,104,BBS7,LPRPKIARL,,9,HLA-B*08:01,0,1,0,75.89,0.45,,,1.37164611524136,MLVMAPRTVLLLLSAALALTETWAGSHSMRYFDTAMSRPGRGEPRFISVGYVDDTQFVRFDSDAASPREEPRAPWIEQEGPEYWDRNTQIFKTNTQTDRESLRNLRGYYNQSEAGSHTLQSMYGCDVGPDGRLLRGHNQYAYDGKDYIALNEDLRSWTAADTAAQITQRKWEAARVAEQDRAYLEGTCVEWLRRYLENGKDTLERADPPKTHVTHHPISDHEATLRCWALGFYPAEITLTWQRDGEDQTQDTELVETRPAGDRTFQKWAAVVVPSGEEQRYTCHVQHEGLPKPLTLRWEPSSQSTVPIVGIVAGLAVLAVVVIGAVVAAVMCRRKSSGGKGGSYSQAACSDSAQGSDVSLTA,LPRPKIARL,1.1437743,2.2913778,3.5058668,2.0604117
braun,104,NRIP1,ALSEQIQMV,,9,HLA-B*13:02,1,1,1,2918.16,0.42,,,0.805685099180227,MRVTAPRTLLLLLWGAVALTETWAGSHSMRYFYTAMSRPGRGEPRFITVGYVDDTQFVRFDSDATSPRMAPRAPWIEQEGPEYWDRETQISKTNTQTYRENLRTALRYYNQSEAGSHTWQTMYGCDLGPDGRLLRGHNQLAYDGKDYIALNEDLSSWTAADTAAQITQLKWEAARVAEQLRAYLEGECVEWLRRYLENGKETLQRADPPKTHVTHHPISDHEATLRCWALGFYPAEITLTWQRDGEDQTQDTELVETRPAGDRTFQKWAAVVVPSGEEQRYTCHVQHEGLPKPLTLRWEPSSQSTVPIVGIVAGLAVLAVVVIGAVVAAVMCRRKSSGGKGGSYSQAACSDSAQGSDVSLTA,ALSEQIQMV,0.36777186,1.0711997,1.9018543,0.9434549
braun,104,ABHD16A,LLKLLHHRY,,9,HLA-A*01:01,1,1,1,7805.59,0.62,,,0.296698833985463,MAVMAPRTLLLLLSGALALTQTWAGSHSMRYFFTSVSRPGRGEPRFIAVGYVDDTQFVRFDSDAASQKMEPRAPWIEQEGPEYWDQETRNMKAHSQTDRANLGTLRGYYNQSEDGSHTIQIMYGCDVGPDGRFLRGYRQDAYDGKDYIALNEDLRSWTAADMAAQITKRKWEAVHAAEQRRVYLEGRCVDGLRRYLENGKETLQRTDPPKTHMTHHPISDHEATLRCWALGFYPAEITLTWQRDGEDQTQDTELVETRPAGDGTFQKWAAVVVPSGEEQRYTCHVQHEGLPKPLTLRWELSSQPTIPIVGIIAGLVLLGAVITGAVVAAVMWRRKSSDRKGGSYTQAASSDSAQGSDVSLTACKV,LLKLLHHRY,0.7502065,1.6045396,2.6426098,1.4845662
braun,104,ZNF786,ARWGETVLL,,9,HLA-C*06:02,1,1,1,379.86,0.11,,,0.675654104192087,MRVMAPRTLILLLSGALALTETWACSHSMRYFDTAVSRPGRGEPRFISVGYVDDTQFVRFDSDAASPRGEPRAPWVEQEGPEYWDRETQKYKRQAQADRVNLRKLRGYYNQSEDGSHTLQWMYGCDLGPDGRLLRGYDQSAYDGKDYIALNEDLRSWTAADTAAQITQRKWEAAREAEQWRAYLEGTCVEWLRRYLENGKETLQRAEHPKTHVTHHPVSDHEATLRCWALGFYPAEITLTWQRDGEDQTQDTELVETRPAGDGTFQKWAAVVVPSGEEQRYTCHVQHEGLPEPLTLRWEPSSQPTIPIVGIVAGLAVLAVLAVLGAVMAVVMCRRKSSGGKGGSCSQAASSNSAQGSDESLIACKA,ARWGETVLL,2.025792,2.460988,4.1251383,2.6886566
braun,104,PABPC1L,GTKPLYVVL,,9,HLA-A*30:01,0,1,1,108.62,0.19,,,0.452560188480036,MAVMAPRTLLLLLSGALALTQTWAGSHSMRYFSTSVSRPGSGEPRFIAVGYVDDTQFVRFDSDAASQRMEPRAPWIEQERPEYWDQETRNVKAQSQTDRVDLGTLRGYYNQSEAGSHTIQIMYGCDVGSDGRFLRGYEQHAYDGKDYIALNEDLRSWTAADMAAQITQRKWEAARWAEQLRAYLEGTCVEWLRRYLENGKETLQRTDPPKTHMTHHPISDHEATLRCWALGFYPAEITLTWQRDGEDQTQDTELVETRPAGDGTFQKWAAVVVPSGEEQRYTCHVQHEGLPKPLTLRWELSSQPTIPIVGIIAGLVLLGAVITGAVVAAVMWRRKSSDRKGGSYTQAASSDSAQGSDVSLTACKV,GTKPLYVVL,0.7693906,1.6413198,2.7176344,1.5126505
braun,104,TPM4,ILKRRTNM,,8,HLA-B*08:01,1,1,1,35.93,0.39,,,1.17545447419154,MLVMAPRTVLLLLSAALALTETWAGSHSMRYFDTAMSRPGRGEPRFISVGYVDDTQFVRFDSDAASPREEPRAPWIEQEGPEYWDRNTQIFKTNTQTDRESLRNLRGYYNQSEAGSHTLQSMYGCDVGPDGRLLRGHNQYAYDGKDYIALNEDLRSWTAADTAAQITQRKWEAARVAEQDRAYLEGTCVEWLRRYLENGKDTLERADPPKTHVTHHPISDHEATLRCWALGFYPAEITLTWQRDGEDQTQDTELVETRPAGDRTFQKWAAVVVPSGEEQRYTCHVQHEGLPKPLTLRWEPSSQSTVPIVGIVAGLAVLAVVVIGAVVAAVMCRRKSSGGKGGSYSQAACSDSAQGSDVSLTA,ILKRRTNM,1.0076269,2.2276554,3.3691125,1.9442321
braun,105,EIF2AK3,PRSDNEKWNF,,10,HLA-C*07:01,1,0,0,21739.19,0.08,,,0.718306924020361,MRVMAPRALLLLLSGGLALTETWACSHSMRYFDTAVSRPGRGEPRFISVGYVDDTQFVRFDSDAASPRGEPRAPWVEQEGPEYWDRETQNYKRQAQADRVSLRNLRGYYNQSEDGSHTLQRMYGCDLGPDGRLLRGYDQSAYDGKDYIALNEDLRSWTAADTAAQITQRKLEAARAAEQLRAYLEGTCVEWLRRYLENGKETLQRAEPPKTHVTHHPLSDHEATLRCWALGFYPAEITLTWQRDGEDQTQDTELVETRPAGDGTFQKWAAVVVPSGQEQRYTCHMQHEGLQEPLTLSWEPSSQPTIPIMGIVAGLAVLVVLAVLGAVVTAMMCRRKSSGGKGGSCSQAACSNSAQGSDESLITCKA,PRSDNEKWNF,0.4217893,1.8758453,2.4831426,1.3131962
braun,105,FAF1,EILERRFL,,8,HLA-B*08:01,0,0,0,254.55,0.25,,,0.619299147425692,MLVMAPRTVLLLLSAALALTETWAGSHSMRYFDTAMSRPGRGEPRFISVGYVDDTQFVRFDSDAASPREEPRAPWIEQEGPEYWDRNTQIFKTNTQTDRESLRNLRGYYNQSEAGSHTLQSMYGCDVGPDGRLLRGHNQYAYDGKDYIALNEDLRSWTAADTAAQITQRKWEAARVAEQDRAYLEGTCVEWLRRYLENGKDTLERADPPKTHVTHHPISDHEATLRCWALGFYPAEITLTWQRDGEDQTQDTELVETRPAGDRTFQKWAAVVVPSGEEQRYTCHVQHEGLPKPLTLRWEPSSQSTVPIVGIVAGLAVLAVVVIGAVVAAVMCRRKSSGGKGGSYSQAACSDSAQGSDVSLTA,EILERRFL,0.4317882,1.7218652,2.423438,1.304566
braun,105,KDM5B,VQDRMGSGLLY,,11,HLA-A*01:01,1,0,1,716.21,0.91,,,0.520720551975663,MAVMAPRTLLLLLSGALALTQTWAGSHSMRYFFTSVSRPGRGEPRFIAVGYVDDTQFVRFDSDAASQKMEPRAPWIEQEGPEYWDQETRNMKAHSQTDRANLGTLRGYYNQSEDGSHTIQIMYGCDVGPDGRFLRGYRQDAYDGKDYIALNEDLRSWTAADMAAQITKRKWEAVHAAEQRRVYLEGRCVDGLRRYLENGKETLQRTDPPKTHMTHHPISDHEATLRCWALGFYPAEITLTWQRDGEDQTQDTELVETRPAGDGTFQKWAAVVVPSGEEQRYTCHVQHEGLPKPLTLRWELSSQPTIPIVGIIAGLVLLGAVITGAVVAAVMWRRKSSDRKGGSYTQAASSDSAQGSDVSLTACKV,VQDRMGSGLLY,1.5118458,2.1158862,3.49176,2.2180104
braun,105,G6PD,RRSSSWRTSL,,10,HLA-C*07:01,1,0,1,494.92,0.12,,,1.75198329126905,MRVMAPRALLLLLSGGLALTETWACSHSMRYFDTAVSRPGRGEPRFISVGYVDDTQFVRFDSDAASPRGEPRAPWVEQEGPEYWDRETQNYKRQAQADRVSLRNLRGYYNQSEDGSHTLQRMYGCDLGPDGRLLRGYDQSAYDGKDYIALNEDLRSWTAADTAAQITQRKLEAARAAEQLRAYLEGTCVEWLRRYLENGKETLQRAEPPKTHVTHHPLSDHEATLRCWALGFYPAEITLTWQRDGEDQTQDTELVETRPAGDGTFQKWAAVVVPSGQEQRYTCHMQHEGLQEPLTLSWEPSSQPTIPIMGIVAGLAVLVVLAVLGAVVTAMMCRRKSSGGKGGSCSQAACSNSAQGSDESLITCKA,RRSSSWRTSL,2.5907795,2.7358556,4.8195524,3.2713194
braun,105,TBX3,STATLPFHL,,9,HLA-A*01:01,1,0,1,8973.2,0.47,,,0.326954565651313,MAVMAPRTLLLLLSGALALTQTWAGSHSMRYFFTSVSRPGRGEPRFIAVGYVDDTQFVRFDSDAASQKMEPRAPWIEQEGPEYWDQETRNMKAHSQTDRANLGTLRGYYNQSEDGSHTIQIMYGCDVGPDGRFLRGYRQDAYDGKDYIALNEDLRSWTAADMAAQITKRKWEAVHAAEQRRVYLEGRCVDGLRRYLENGKETLQRTDPPKTHMTHHPISDHEATLRCWALGFYPAEITLTWQRDGEDQTQDTELVETRPAGDGTFQKWAAVVVPSGEEQRYTCHVQHEGLPKPLTLRWELSSQPTIPIVGIIAGLVLLGAVITGAVVAAVMWRRKSSDRKGGSYTQAASSDSAQGSDVSLTACKV,STATLPFHL,0.2556176,1.3312932,1.9550223,0.96005845
braun,105,EIF2AK3,PRSDNEKWNF,,10,HLA-C*07:01,0,0,0,21739.19,0.08,,,0.718306924020361,MRVMAPRALLLLLSGGLALTETWACSHSMRYFDTAVSRPGRGEPRFISVGYVDDTQFVRFDSDAASPRGEPRAPWVEQEGPEYWDRETQNYKRQAQADRVSLRNLRGYYNQSEDGSHTLQRMYGCDLGPDGRLLRGYDQSAYDGKDYIALNEDLRSWTAADTAAQITQRKLEAARAAEQLRAYLEGTCVEWLRRYLENGKETLQRAEPPKTHVTHHPLSDHEATLRCWALGFYPAEITLTWQRDGEDQTQDTELVETRPAGDGTFQKWAAVVVPSGQEQRYTCHMQHEGLQEPLTLSWEPSSQPTIPIMGIVAGLAVLVVLAVLGAVVTAMMCRRKSSGGKGGSCSQAACSNSAQGSDESLITCKA,PRSDNEKWNF,0.4217893,1.8758453,2.4831426,1.3131962
braun,105,ABCB1,YSNWPDKLY,,9,HLA-A*01:01,1,0,1,103.06,0.58,,,0.914077016572848,MAVMAPRTLLLLLSGALALTQTWAGSHSMRYFFTSVSRPGRGEPRFIAVGYVDDTQFVRFDSDAASQKMEPRAPWIEQEGPEYWDQETRNMKAHSQTDRANLGTLRGYYNQSEDGSHTIQIMYGCDVGPDGRFLRGYRQDAYDGKDYIALNEDLRSWTAADMAAQITKRKWEAVHAAEQRRVYLEGRCVDGLRRYLENGKETLQRTDPPKTHMTHHPISDHEATLRCWALGFYPAEITLTWQRDGEDQTQDTELVETRPAGDGTFQKWAAVVVPSGEEQRYTCHVQHEGLPKPLTLRWELSSQPTIPIVGIIAGLVLLGAVITGAVVAAVMWRRKSSDRKGGSYTQAASSDSAQGSDVSLTACKV,YSNWPDKLY,1.1164278,1.8199835,3.0472753,1.8224462
braun,105,BEND7,AFFDGKTL,,8,HLA-C*07:01,1,0,1,17801.94,0.11,,,0.444660908444658,MRVMAPRALLLLLSGGLALTETWACSHSMRYFDTAVSRPGRGEPRFISVGYVDDTQFVRFDSDAASPRGEPRAPWVEQEGPEYWDRETQNYKRQAQADRVSLRNLRGYYNQSEDGSHTLQRMYGCDLGPDGRLLRGYDQSAYDGKDYIALNEDLRSWTAADTAAQITQRKLEAARAAEQLRAYLEGTCVEWLRRYLENGKETLQRAEPPKTHVTHHPLSDHEATLRCWALGFYPAEITLTWQRDGEDQTQDTELVETRPAGDGTFQKWAAVVVPSGQEQRYTCHMQHEGLQEPLTLSWEPSSQPTIPIMGIVAGLAVLVVLAVLGAVVTAMMCRRKSSGGKGGSCSQAACSNSAQGSDESLITCKA,AFFDGKTL,0.79503345,1.8880253,2.9905274,1.6508571
braun,105,PNPLA8,ISHISPQRGFH,,11,HLA-A*01:01,1,0,1,30504.46,0.23,,,0.466434863308157,MAVMAPRTLLLLLSGALALTQTWAGSHSMRYFFTSVSRPGRGEPRFIAVGYVDDTQFVRFDSDAASQKMEPRAPWIEQEGPEYWDQETRNMKAHSQTDRANLGTLRGYYNQSEDGSHTIQIMYGCDVGPDGRFLRGYRQDAYDGKDYIALNEDLRSWTAADMAAQITKRKWEAVHAAEQRRVYLEGRCVDGLRRYLENGKETLQRTDPPKTHMTHHPISDHEATLRCWALGFYPAEITLTWQRDGEDQTQDTELVETRPAGDGTFQKWAAVVVPSGEEQRYTCHVQHEGLPKPLTLRWELSSQPTIPIVGIIAGLVLLGAVITGAVVAAVMWRRKSSDRKGGSYTQAASSDSAQGSDVSLTACKV,ISHISPQRGFH,0.19725709,1.5098314,1.9563429,0.97586507
braun,105,SHMT1,GGGAEKVL,,8,HLA-C*07:01,0,0,0,44020.84,0.08,,,0.225127574922951,MRVMAPRALLLLLSGGLALTETWACSHSMRYFDTAVSRPGRGEPRFISVGYVDDTQFVRFDSDAASPRGEPRAPWVEQEGPEYWDRETQNYKRQAQADRVSLRNLRGYYNQSEDGSHTLQRMYGCDLGPDGRLLRGYDQSAYDGKDYIALNEDLRSWTAADTAAQITQRKLEAARAAEQLRAYLEGTCVEWLRRYLENGKETLQRAEPPKTHVTHHPLSDHEATLRCWALGFYPAEITLTWQRDGEDQTQDTELVETRPAGDGTFQKWAAVVVPSGQEQRYTCHMQHEGLQEPLTLSWEPSSQPTIPIMGIVAGLAVLVVLAVLGAVVTAMMCRRKSSGGKGGSCSQAACSNSAQGSDESLITCKA,GGGAEKVL,0.20231722,2.2614386,2.23062,1.1695497
braun,105,KDM5B,VQDRMGSGLLY,,11,HLA-A*01:01,1,0,0,716.21,0.91,,,0.520720551975663,MAVMAPRTLLLLLSGALALTQTWAGSHSMRYFFTSVSRPGRGEPRFIAVGYVDDTQFVRFDSDAASQKMEPRAPWIEQEGPEYWDQETRNMKAHSQTDRANLGTLRGYYNQSEDGSHTIQIMYGCDVGPDGRFLRGYRQDAYDGKDYIALNEDLRSWTAADMAAQITKRKWEAVHAAEQRRVYLEGRCVDGLRRYLENGKETLQRTDPPKTHMTHHPISDHEATLRCWALGFYPAEITLTWQRDGEDQTQDTELVETRPAGDGTFQKWAAVVVPSGEEQRYTCHVQHEGLPKPLTLRWELSSQPTIPIVGIIAGLVLLGAVITGAVVAAVMWRRKSSDRKGGSYTQAASSDSAQGSDVSLTACKV,VQDRMGSGLLY,1.5118458,2.1158862,3.49176,2.2180104
braun,105,PDK2,KTERLFSYMY,,10,HLA-A*01:01,1,0,1,60.09,1.87,,,0.832337889478522,MAVMAPRTLLLLLSGALALTQTWAGSHSMRYFFTSVSRPGRGEPRFIAVGYVDDTQFVRFDSDAASQKMEPRAPWIEQEGPEYWDQETRNMKAHSQTDRANLGTLRGYYNQSEDGSHTIQIMYGCDVGPDGRFLRGYRQDAYDGKDYIALNEDLRSWTAADMAAQITKRKWEAVHAAEQRRVYLEGRCVDGLRRYLENGKETLQRTDPPKTHMTHHPISDHEATLRCWALGFYPAEITLTWQRDGEDQTQDTELVETRPAGDGTFQKWAAVVVPSGEEQRYTCHVQHEGLPKPLTLRWELSSQPTIPIVGIIAGLVLLGAVITGAVVAAVMWRRKSSDRKGGSYTQAASSDSAQGSDVSLTACKV,KTERLFSYMY,1.8281109,2.4357982,4.017266,2.5717714
braun,105,G6PD,RRSSSWRTSL,,10,HLA-C*07:01,1,0,1,494.92,0.12,,,1.75198329126905,MRVMAPRALLLLLSGGLALTETWACSHSMRYFDTAVSRPGRGEPRFISVGYVDDTQFVRFDSDAASPRGEPRAPWVEQEGPEYWDRETQNYKRQAQADRVSLRNLRGYYNQSEDGSHTLQRMYGCDLGPDGRLLRGYDQSAYDGKDYIALNEDLRSWTAADTAAQITQRKLEAARAAEQLRAYLEGTCVEWLRRYLENGKETLQRAEPPKTHVTHHPLSDHEATLRCWALGFYPAEITLTWQRDGEDQTQDTELVETRPAGDGTFQKWAAVVVPSGQEQRYTCHMQHEGLQEPLTLSWEPSSQPTIPIMGIVAGLAVLVVLAVLGAVVTAMMCRRKSSGGKGGSCSQAACSNSAQGSDESLITCKA,RRSSSWRTSL,2.5907795,2.7358556,4.8195524,3.2713194
braun,105,DDIT4,STGLRVIK,,8,HLA-C*07:01,1,0,1,34671.36,0.09,,,0.418521344330265,MRVMAPRALLLLLSGGLALTETWACSHSMRYFDTAVSRPGRGEPRFISVGYVDDTQFVRFDSDAASPRGEPRAPWVEQEGPEYWDRETQNYKRQAQADRVSLRNLRGYYNQSEDGSHTLQRMYGCDLGPDGRLLRGYDQSAYDGKDYIALNEDLRSWTAADTAAQITQRKLEAARAAEQLRAYLEGTCVEWLRRYLENGKETLQRAEPPKTHVTHHPLSDHEATLRCWALGFYPAEITLTWQRDGEDQTQDTELVETRPAGDGTFQKWAAVVVPSGQEQRYTCHMQHEGLQEPLTLSWEPSSQPTIPIMGIVAGLAVLVVLAVLGAVVTAMMCRRKSSGGKGGSCSQAACSNSAQGSDESLITCKA,STGLRVIK,0.27093428,2.2492719,2.3372288,1.2499186
braun,105,KDM5C,YGCPHLQQ,,8,HLA-C*07:01,0,0,0,35964.74,0.08,,,0.305694780454075,MRVMAPRALLLLLSGGLALTETWACSHSMRYFDTAVSRPGRGEPRFISVGYVDDTQFVRFDSDAASPRGEPRAPWVEQEGPEYWDRETQNYKRQAQADRVSLRNLRGYYNQSEDGSHTLQRMYGCDLGPDGRLLRGYDQSAYDGKDYIALNEDLRSWTAADTAAQITQRKLEAARAAEQLRAYLEGTCVEWLRRYLENGKETLQRAEPPKTHVTHHPLSDHEATLRCWALGFYPAEITLTWQRDGEDQTQDTELVETRPAGDGTFQKWAAVVVPSGQEQRYTCHMQHEGLQEPLTLSWEPSSQPTIPIMGIVAGLAVLVVLAVLGAVVTAMMCRRKSSGGKGGSCSQAACSNSAQGSDESLITCKA,YGCPHLQQ,0.22246672,2.1350288,2.2229228,1.1694828
braun,105,PDK2,KTERLFSYMY,,10,HLA-A*01:01,1,0,1,60.09,1.87,,,0.832337889478522,MAVMAPRTLLLLLSGALALTQTWAGSHSMRYFFTSVSRPGRGEPRFIAVGYVDDTQFVRFDSDAASQKMEPRAPWIEQEGPEYWDQETRNMKAHSQTDRANLGTLRGYYNQSEDGSHTIQIMYGCDVGPDGRFLRGYRQDAYDGKDYIALNEDLRSWTAADMAAQITKRKWEAVHAAEQRRVYLEGRCVDGLRRYLENGKETLQRTDPPKTHMTHHPISDHEATLRCWALGFYPAEITLTWQRDGEDQTQDTELVETRPAGDGTFQKWAAVVVPSGEEQRYTCHVQHEGLPKPLTLRWELSSQPTIPIVGIIAGLVLLGAVITGAVVAAVMWRRKSSDRKGGSYTQAASSDSAQGSDVSLTACKV,KTERLFSYMY,1.8281109,2.4357982,4.017266,2.5717714
braun,105,ULK2,MRILHNKGI,,9,HLA-C*07:01,1,0,1,1348.42,0.1,,,0.387759490534419,MRVMAPRALLLLLSGGLALTETWACSHSMRYFDTAVSRPGRGEPRFISVGYVDDTQFVRFDSDAASPRGEPRAPWVEQEGPEYWDRETQNYKRQAQADRVSLRNLRGYYNQSEDGSHTLQRMYGCDLGPDGRLLRGYDQSAYDGKDYIALNEDLRSWTAADTAAQITQRKLEAARAAEQLRAYLEGTCVEWLRRYLENGKETLQRAEPPKTHVTHHPLSDHEATLRCWALGFYPAEITLTWQRDGEDQTQDTELVETRPAGDGTFQKWAAVVVPSGQEQRYTCHMQHEGLQEPLTLSWEPSSQPTIPIMGIVAGLAVLVVLAVLGAVVTAMMCRRKSSGGKGGSCSQAACSNSAQGSDESLITCKA,MRILHNKGI,1.1781805,1.9926387,3.4008808,2.0012803
braun,105,TNRC6A,FMNSSTSL,,8,HLA-B*08:01,1,0,1,442.57,0.27,,,0.586226558914928,MLVMAPRTVLLLLSAALALTETWAGSHSMRYFDTAMSRPGRGEPRFISVGYVDDTQFVRFDSDAASPREEPRAPWIEQEGPEYWDRNTQIFKTNTQTDRESLRNLRGYYNQSEAGSHTLQSMYGCDVGPDGRLLRGHNQYAYDGKDYIALNEDLRSWTAADTAAQITQRKWEAARVAEQDRAYLEGTCVEWLRRYLENGKDTLERADPPKTHVTHHPISDHEATLRCWALGFYPAEITLTWQRDGEDQTQDTELVETRPAGDRTFQKWAAVVVPSGEEQRYTCHVQHEGLPKPLTLRWEPSSQSTVPIVGIVAGLAVLAVVVIGAVVAAVMCRRKSSGGKGGSYSQAACSDSAQGSDVSLTA,FMNSSTSL,0.4113187,1.5452683,2.2809386,1.1929444
braun,105,RNF20,ESQKEMKLLLY,,11,HLA-A*01:01,0,0,0,189.89,1.62,,,1.18446010705204,MAVMAPRTLLLLLSGALALTQTWAGSHSMRYFFTSVSRPGRGEPRFIAVGYVDDTQFVRFDSDAASQKMEPRAPWIEQEGPEYWDQETRNMKAHSQTDRANLGTLRGYYNQSEDGSHTIQIMYGCDVGPDGRFLRGYRQDAYDGKDYIALNEDLRSWTAADMAAQITKRKWEAVHAAEQRRVYLEGRCVDGLRRYLENGKETLQRTDPPKTHMTHHPISDHEATLRCWALGFYPAEITLTWQRDGEDQTQDTELVETRPAGDGTFQKWAAVVVPSGEEQRYTCHVQHEGLPKPLTLRWELSSQPTIPIVGIIAGLVLLGAVITGAVVAAVMWRRKSSDRKGGSYTQAASSDSAQGSDVSLTACKV,ESQKEMKLLLY,0.31718236,1.5758555,2.1510894,1.1024811
braun,106,SERINC1,MSIPGMEEQL,,10,HLA-C*03:03,0,1,0,469.5,0.2,,,0.920744563873778,MRVMAPRTLILLLSGALALTETWAGSHSMRYFYTAVSRPGRGEPHFIAVGYVDDTQFVRFDSDAASPRGEPRAPWVEQEGPEYWDRETQKYKRQAQTDRVSLRNLRGYYNQSEARSHIIQRMYGCDVGPDGRLLRGYDQYAYDGKDYIALNEDLRSWTAADTAAQITQRKWEAAREAEQLRAYLEGLCVEWLRRYLKNGKETLQRAEHPKTHVTHHPVSDHEATLRCWALGFYPAEITLTWQWDGEDQTQDTELVETRPAGDGTFQKWAAVVVPSGEEQRYTCHVQHEGLPEPLTLRWEPSSQPTIPIVGIVAGLAVLAVLAVLGAVVAVVMCRRKSSGGKGGSCSQAASSNSAQGSDESLIACKA,MSIPGMEEQL,0.6249603,2.3642979,2.8825297,1.6752348
braun,106,RNF26,RLRDDVMRLSR,,11,HLA-A*03:01,1,1,1,647.95,1.89,,,1.411122346188,MAVMAPRTLLLLLSGALALTQTWAGSHSMRYFFTSVSRPGRGEPRFIAVGYVDDTQFVRFDSDAASQRMEPRAPWIEQEGPEYWDQETRNVKAQSQTDRVDLGTLRGYYNQSEAGSHTIQIMYGCDVGSDGRFLRGYRQDAYDGKDYIALNEDLRSWTAADMAAQITKRKWEAAHEAEQLRAYLDGTCVEWLRRYLENGKETLQRTDPPKTHMTHHPISDHEATLRCWALGFYPAEITLTWQRDGEDQTQDTELVETRPAGDGTFQKWAAVVVPSGEEQRYTCHVQHEGLPKPLTLRWELSSQPTIPIVGIIAGLVLLGAVITGAVVAAVMWRRKSSDRKGGSYTQAASSDSAQGSDVSLTACKV,RLRDDVMRLSR,3.4156544,4.2508197,6.0578136,4.5661545
braun,106,ASH1L,VEAFDADMLKL,,11,HLA-B*40:01,1,1,1,959.85,0.93,,,0.786829539850042,MRVTAPRTVLLLLSAALALTETWAGSHSMRYFHTAMSRPGRGEPRFITVGYVDDTLFVRFDSDATSPRKEPRAPWIEQEGPEYWDRETQISKTNTQTYRESLRNLRGYYNQSEAGSHTLQRMYGCDVGPDGRLLRGHNQYAYDGKDYIALNEDLRSWTAADTAAQISQRKLEAARVAEQLRAYLEGECVEWLRRYLENGKDKLERADPPKTHVTHHPISDHEATLRCWALGFYPAEITLTWQRDGEDQTQDTELVETRPAGDRTFQKWAAVVVPSGEEQRYTCHVQHEGLPKPLTLRWEPSSQSTVPIVGIVAGLAVLAVVVIGAVVAAVMCRRKSSGGKGGSYSQAACSDSAQGSDVSLTA,VEAFDADMLKL,0.9117136,2.351767,3.374689,1.9501457
braun,106,CUBN,HSPKYPSPYR,,10,HLA-A*31:01,0,1,0,34.47,0.54,,,0.785400820849705,MAVMAPRTLLLLLLGALALTQTWAGSHSMRYFTTSVSRPGRGEPRFIAVGYVDDTQFVRFDSDAASQRMEPRAPWIEQERPEYWDQETRNVKAHSQIDRVDLGTLRGYYNQSEAGSHTIQMMYGCDVGSDGRFLRGYQQDAYDGKDYIALNEDLRSWTAADMAAQITQRKWEAARVAEQLRAYLEGTCVEWLRRYLENGKETLQRTDPPKTHMTHHAVSDHEATLRCWALSFYPAEITLTWQRDGEDQTQDTELVETRPAGDGTFQKWASVVVPSGQEQRYTCHVQHEGLPKPLTLRWEPSSQPTIPIVGIIAGLVLFGAVFAGAVVAAVRWRRKSSDRKGGSYSQAASSDSAQGSDMSLTACKV,HSPKYPSPYR,9.461082,5.131036,8.965464,8.375423
braun,106,AGGF1,PPKSLFQL,,8,HLA-B*55:01,1,1,0,36910.5,0.15,,,0.139649832031395,MRVTAPRTLLLLLWGALALTETWAGSHSMRYFYTAMSRPGRGEPRFIAVGYVDDTQFVRFDSDAASPREEPRAPWIEQEGPEYWDRNTQIYKAQAQTDRESLRNLRGYYNQSEAGSHTWQTMYGCDLGPDGRLLRGHNQLAYDGKDYIALNEDLSSWTAADTAAQITQRKWEAAREAEQLRAYLEGTCVEWLRRYLENGKETLQRADPPKTHVTHHPISDHEATLRCWALGFYPAEITLTWQRDGEDQTQDTELVETRPAGDRTFQKWAAVVVPSGEEQRYTCHVQHEGLPKPLTLRWEPSSQSTIPIVGIVAGLAVLAVVVIGAVVATVMCRRKSSGGKGGSYSQAASSDSAQGSDVSLTA,PPKSLFQL,0.2760698,2.269756,2.3449805,1.2546237
braun,106,ITSN2,KPEIAHVTSA,,10,HLA-B*55:01,1,1,1,266.07,0.89,,,2.56812497655168,MRVTAPRTLLLLLWGALALTETWAGSHSMRYFYTAMSRPGRGEPRFIAVGYVDDTQFVRFDSDAASPREEPRAPWIEQEGPEYWDRNTQIYKAQAQTDRESLRNLRGYYNQSEAGSHTWQTMYGCDLGPDGRLLRGHNQLAYDGKDYIALNEDLSSWTAADTAAQITQRKWEAAREAEQLRAYLEGTCVEWLRRYLENGKETLQRADPPKTHVTHHPISDHEATLRCWALGFYPAEITLTWQRDGEDQTQDTELVETRPAGDRTFQKWAAVVVPSGEEQRYTCHVQHEGLPKPLTLRWEPSSQSTIPIVGIVAGLAVLAVVVIGAVVATVMCRRKSSGGKGGSYSQAASSDSAQGSDVSLTA,KPEIAHVTSA,3.5801249,3.5635576,5.703629,4.2026687
braun,106,BECN1,KLDTGFKILDR,,11,HLA-A*03:01,0,1,0,5295.08,0.46,,,0.30988079558724,MAVMAPRTLLLLLSGALALTQTWAGSHSMRYFFTSVSRPGRGEPRFIAVGYVDDTQFVRFDSDAASQRMEPRAPWIEQEGPEYWDQETRNVKAQSQTDRVDLGTLRGYYNQSEAGSHTIQIMYGCDVGSDGRFLRGYRQDAYDGKDYIALNEDLRSWTAADMAAQITKRKWEAAHEAEQLRAYLDGTCVEWLRRYLENGKETLQRTDPPKTHMTHHPISDHEATLRCWALGFYPAEITLTWQRDGEDQTQDTELVETRPAGDGTFQKWAAVVVPSGEEQRYTCHVQHEGLPKPLTLRWELSSQPTIPIVGIIAGLVLLGAVITGAVVAAVMWRRKSSDRKGGSYTQAASSDSAQGSDVSLTACKV,KLDTGFKILDR,0.11164342,2.167908,1.966018,1.0002463
braun,106,SF3B1,METIEKIMGDL,,11,HLA-B*40:01,0,1,0,1504.12,0.75,,,1.09660433992736,MRVTAPRTVLLLLSAALALTETWAGSHSMRYFHTAMSRPGRGEPRFITVGYVDDTLFVRFDSDATSPRKEPRAPWIEQEGPEYWDRETQISKTNTQTYRESLRNLRGYYNQSEAGSHTLQRMYGCDVGPDGRLLRGHNQYAYDGKDYIALNEDLRSWTAADTAAQISQRKLEAARVAEQLRAYLEGECVEWLRRYLENGKDKLERADPPKTHVTHHPISDHEATLRCWALGFYPAEITLTWQRDGEDQTQDTELVETRPAGDRTFQKWAAVVVPSGEEQRYTCHVQHEGLPKPLTLRWEPSSQSTVPIVGIVAGLAVLAVVVIGAVVAAVMCRRKSSGGKGGSYSQAACSDSAQGSDVSLTA,METIEKIMGDL,0.8249382,2.1416004,3.1650925,1.7981231
braun,106,LATS1,YVISRTSPV,,9,HLA-C*03:03,1,1,1,12.32,0.58,,,2.49382168676296,MRVMAPRTLILLLSGALALTETWAGSHSMRYFYTAVSRPGRGEPHFIAVGYVDDTQFVRFDSDAASPRGEPRAPWVEQEGPEYWDRETQKYKRQAQTDRVSLRNLRGYYNQSEARSHIIQRMYGCDVGPDGRLLRGYDQYAYDGKDYIALNEDLRSWTAADTAAQITQRKWEAAREAEQLRAYLEGLCVEWLRRYLKNGKETLQRAEHPKTHVTHHPVSDHEATLRCWALGFYPAEITLTWQWDGEDQTQDTELVETRPAGDGTFQKWAAVVVPSGEEQRYTCHVQHEGLPEPLTLRWEPSSQPTIPIVGIVAGLAVLAVLAVLGAVVAVVMCRRKSSGGKGGSCSQAASSNSAQGSDESLIACKA,YVISRTSPV,2.887347,3.1552484,4.951089,3.6242871
braun,106,PRKD2,KLWLLRPLR,,9,HLA-A*31:01,1,1,1,7.16,4.63,,,13.979532114671,MAVMAPRTLLLLLLGALALTQTWAGSHSMRYFTTSVSRPGRGEPRFIAVGYVDDTQFVRFDSDAASQRMEPRAPWIEQERPEYWDQETRNVKAHSQIDRVDLGTLRGYYNQSEAGSHTIQMMYGCDVGSDGRFLRGYQQDAYDGKDYIALNEDLRSWTAADMAAQITQRKWEAARVAEQLRAYLEGTCVEWLRRYLENGKETLQRTDPPKTHMTHHAVSDHEATLRCWALSFYPAEITLTWQRDGEDQTQDTELVETRPAGDGTFQKWASVVVPSGQEQRYTCHVQHEGLPKPLTLRWEPSSQPTIPIVGIIAGLVLFGAVFAGAVVAAVRWRRKSSDRKGGSYSQAASSDSAQGSDMSLTACKV,KLWLLRPLR,27.781042,7.386825,15.044973,18.47462
braun,106,CHD6,LDAPDFQL,,8,HLA-B*40:01,0,1,0,25449.49,0.38,,,0.566933046996474,MRVTAPRTVLLLLSAALALTETWAGSHSMRYFHTAMSRPGRGEPRFITVGYVDDTLFVRFDSDATSPRKEPRAPWIEQEGPEYWDRETQISKTNTQTYRESLRNLRGYYNQSEAGSHTLQRMYGCDVGPDGRLLRGHNQYAYDGKDYIALNEDLRSWTAADTAAQISQRKLEAARVAEQLRAYLEGECVEWLRRYLENGKDKLERADPPKTHVTHHPISDHEATLRCWALGFYPAEITLTWQRDGEDQTQDTELVETRPAGDRTFQKWAAVVVPSGEEQRYTCHVQHEGLPKPLTLRWEPSSQSTVPIVGIVAGLAVLAVVVIGAVVAAVMCRRKSSGGKGGSYSQAACSDSAQGSDVSLTA,LDAPDFQL,0.51355094,1.7359116,2.5156317,1.3687489
braun,106,CMYA5,IINEASQVKPK,,11,HLA-A*03:01,0,1,1,870.19,1.37,,,0.946031367033061,MAVMAPRTLLLLLSGALALTQTWAGSHSMRYFFTSVSRPGRGEPRFIAVGYVDDTQFVRFDSDAASQRMEPRAPWIEQEGPEYWDQETRNVKAQSQTDRVDLGTLRGYYNQSEAGSHTIQIMYGCDVGSDGRFLRGYRQDAYDGKDYIALNEDLRSWTAADMAAQITKRKWEAAHEAEQLRAYLDGTCVEWLRRYLENGKETLQRTDPPKTHMTHHPISDHEATLRCWALGFYPAEITLTWQRDGEDQTQDTELVETRPAGDGTFQKWAAVVVPSGEEQRYTCHVQHEGLPKPLTLRWELSSQPTIPIVGIIAGLVLLGAVITGAVVAAVMWRRKSSDRKGGSYTQAASSDSAQGSDVSLTACKV,IINEASQVKPK,1.6518902,3.6491694,4.766515,3.0298238
braun,106,TMEM256,FAFYGAHGAQF,,11,HLA-C*03:03,1,1,1,102.0,0.25,,,2.87442437085738,MRVMAPRTLILLLSGALALTETWAGSHSMRYFYTAVSRPGRGEPHFIAVGYVDDTQFVRFDSDAASPRGEPRAPWVEQEGPEYWDRETQKYKRQAQTDRVSLRNLRGYYNQSEARSHIIQRMYGCDVGPDGRLLRGYDQYAYDGKDYIALNEDLRSWTAADTAAQITQRKWEAAREAEQLRAYLEGLCVEWLRRYLKNGKETLQRAEHPKTHVTHHPVSDHEATLRCWALGFYPAEITLTWQWDGEDQTQDTELVETRPAGDGTFQKWAAVVVPSGEEQRYTCHVQHEGLPEPLTLRWEPSSQPTIPIVGIVAGLAVLAVLAVLGAVVAVVMCRRKSSGGKGGSCSQAASSNSAQGSDESLIACKA,FAFYGAHGAQF,1.5219512,2.397862,3.6552427,2.3661745
braun,106,MASP2,KAKPVIFLGK,,10,HLA-A*03:01,0,1,0,144.98,2.33,,,1.78957425646284,MAVMAPRTLLLLLSGALALTQTWAGSHSMRYFFTSVSRPGRGEPRFIAVGYVDDTQFVRFDSDAASQRMEPRAPWIEQEGPEYWDQETRNVKAQSQTDRVDLGTLRGYYNQSEAGSHTIQIMYGCDVGSDGRFLRGYRQDAYDGKDYIALNEDLRSWTAADMAAQITKRKWEAAHEAEQLRAYLDGTCVEWLRRYLENGKETLQRTDPPKTHMTHHPISDHEATLRCWALGFYPAEITLTWQRDGEDQTQDTELVETRPAGDGTFQKWAAVVVPSGEEQRYTCHVQHEGLPKPLTLRWELSSQPTIPIVGIIAGLVLLGAVITGAVVAAVMWRRKSSDRKGGSYTQAASSDSAQGSDVSLTACKV,KAKPVIFLGK,5.211147,5.2637715,7.586935,6.26482
braun,106,MARK3,DEITATYML,,9,HLA-B*40:01,1,1,1,312.95,0.79,,,0.593570922191023,MRVTAPRTVLLLLSAALALTETWAGSHSMRYFHTAMSRPGRGEPRFITVGYVDDTLFVRFDSDATSPRKEPRAPWIEQEGPEYWDRETQISKTNTQTYRESLRNLRGYYNQSEAGSHTLQRMYGCDVGPDGRLLRGHNQYAYDGKDYIALNEDLRSWTAADTAAQISQRKLEAARVAEQLRAYLEGECVEWLRRYLENGKDKLERADPPKTHVTHHPISDHEATLRCWALGFYPAEITLTWQRDGEDQTQDTELVETRPAGDRTFQKWAAVVVPSGEEQRYTCHVQHEGLPKPLTLRWEPSSQSTVPIVGIVAGLAVLAVVVIGAVVAAVMCRRKSSGGKGGSYSQAACSDSAQGSDVSLTA,DEITATYML,1.0027537,1.9780562,3.1790597,1.8355522
braun,106,SMAD2,SPYHYQRV,,8,HLA-B*55:01,1,1,1,5966.0,1.07,,,0.472961719059122,MRVTAPRTLLLLLWGALALTETWAGSHSMRYFYTAMSRPGRGEPRFIAVGYVDDTQFVRFDSDAASPREEPRAPWIEQEGPEYWDRNTQIYKAQAQTDRESLRNLRGYYNQSEAGSHTWQTMYGCDLGPDGRLLRGHNQLAYDGKDYIALNEDLSSWTAADTAAQITQRKWEAAREAEQLRAYLEGTCVEWLRRYLENGKETLQRADPPKTHVTHHPISDHEATLRCWALGFYPAEITLTWQRDGEDQTQDTELVETRPAGDRTFQKWAAVVVPSGEEQRYTCHVQHEGLPKPLTLRWEPSSQSTIPIVGIVAGLAVLAVVVIGAVVATVMCRRKSSGGKGGSYSQAASSDSAQGSDVSLTA,SPYHYQRV,0.6145643,1.9289632,2.7308896,1.5248314
braun,107,CAPN3,KIMKKAIERGF,,11,HLA-A*32:01,1,0,1,947.8,1.61,,,1.34131297063692,MAVMAPRTLLLLLLGALALTQTWAGSHSMRYFFTSVSRPGRGEPRFIAVGYVDDTQFVRFDSDAASQRMEPRAPWIEQEGPEYWDQETRNVKAHSQTDRESLRIALRYYNQSEAGSHTIQMMYGCDVGPDGRLLRGYQQDAYDGKDYIALNEDLRSWTAADMAAQITQRKWEAARVAEQLRAYLEGTCVEWLRRYLENGKETLQRTDAPKTHMTHHAVSDHEATLRCWALSFYPAEITLTWQRDGEDQTQDTELVETRPAGDGTFQKWASVVVPSGQEQRYTCHVQHEGLPKPLTLRWEPSSQPTIPIVGIIAGLVLFGAMFAGAVVAAVRWRRKSSDRKGGSYSQAASSDSAQGSDMSLTACKV,KIMKKAIERGF,3.9195457,4.304755,6.425323,4.8914366
braun,107,DTWD2,GLWELPVEGRA,,11,HLA-A*02:01,0,0,0,123.16,0.96,,,0.719091552495409,MAVMAPRTLVLLLSGALALTQTWAGSHSMRYFFTSVSRPGRGEPRFIAVGYVDDTQFVRFDSDAASQRMEPRAPWIEQEGPEYWDGETRKVKAHSQTHRVDLGTLRGYYNQSEAGSHTVQRMYGCDVGSDWRFLRGYHQYAYDGKDYIALKEDLRSWTAADMAAQTTKHKWEAAHVAEQLRAYLEGTCVEWLRRYLENGKETLQRTDAPKTHMTHHAVSDHEATLRCWALSFYPAEITLTWQRDGEDQTQDTELVETRPAGDGTFQKWAAVVVPSGQEQRYTCHVQHEGLPKPLTLRWEPSSQPTIPIVGIIAGLVLFGAVITGAVVAAVMWRRKSSDRKGGSYSQAASSDSAQGSDVSLTACKV,GLWELPVEGRA,0.9954497,2.6330864,3.2364168,1.992287
braun,107,USP11,LDMKGEIAEAY,,11,HLA-B*44:02,1,0,0,15168.46,0.5,,,1.29131564359354,MRVTAPRTLLLLLWGAVALTETWAGSHSMRYFYTAMSRPGRGEPRFITVGYVDDTLFVRFDSDATSPRKEPRAPWIEQEGPEYWDRETQISKTNTQTYRENLRTALRYYNQSEAGSHIIQRMYGCDVGPDGRLLRGYDQDAYDGKDYIALNEDLSSWTAADTAAQITQRKWEAARVAEQDRAYLEGLCVESLRRYLENGKETLQRADPPKTHVTHHPISDHEVTLRCWALGFYPAEITLTWQRDGEDQTQDTELVETRPAGDRTFQKWAAVVVPSGEEQRYTCHVQHEGLPKPLTLRWEPSSQSTVPIVGIVAGLAVLAVVVIGAVVAAVMCRRKSSGGKGGSYSQAACSDSAQGSDVSLTA,LDMKGEIAEAY,1.6927776,2.424976,3.9689398,2.5502825
braun,107,BIN1,AENNDLLWMNY,,11,HLA-B*44:02,0,0,0,109.6,2.54,,,4.08648675706633,MRVTAPRTLLLLLWGAVALTETWAGSHSMRYFYTAMSRPGRGEPRFITVGYVDDTLFVRFDSDATSPRKEPRAPWIEQEGPEYWDRETQISKTNTQTYRENLRTALRYYNQSEAGSHIIQRMYGCDVGPDGRLLRGYDQDAYDGKDYIALNEDLSSWTAADTAAQITQRKWEAARVAEQDRAYLEGLCVESLRRYLENGKETLQRADPPKTHVTHHPISDHEVTLRCWALGFYPAEITLTWQRDGEDQTQDTELVETRPAGDRTFQKWAAVVVPSGEEQRYTCHVQHEGLPKPLTLRWEPSSQSTVPIVGIVAGLAVLAVVVIGAVVAAVMCRRKSSGGKGGSYSQAACSDSAQGSDVSLTA,AENNDLLWMNY,8.823977,5.359265,8.845897,8.500407
braun,107,KIAA1429,VIEPHDILV,,9,HLA-C*05:01,1,0,0,295.16,0.16,,,0.708046028671458,MRVMAPRTLILLLSGALALTETWACSHSMRYFYTAVSRPGRGEPRFIAVGYVDDTQFVQFDSDAASPRGEPRAPWVEQEGPEYWDRETQKYKRQAQTDRVNLRKLRGYYNQSEAGSHTLQRMYGCDLGPDGRLLRGYNQFAYDGKDYIALNEDLRSWTAADKAAQITQRKWEAAREAEQRRAYLEGTCVEWLRRYLENGKKTLQRAEHPKTHVTHHPVSDHEATLRCWALGFYPAEITLTWQRDGEDQTQDTELVETRPAGDGTFQKWAAVVVPSGEEQRYTCHVQHEGLPEPLTLRWGPSSQPTIPIVGIVAGLAVLAVLAVLGAVMAVVMCRRKSSGGKGGSCSQAASSNSAQGSDESLIACKA,VIEPHDILV,1.2757463,2.6349437,3.604418,2.2329693
braun,107,DNAJC3,KLYEAEDDFKK,,11,HLA-A*02:01,0,0,0,18697.83,0.27,,,1.35989648672929,MAVMAPRTLVLLLSGALALTQTWAGSHSMRYFFTSVSRPGRGEPRFIAVGYVDDTQFVRFDSDAASQRMEPRAPWIEQEGPEYWDGETRKVKAHSQTHRVDLGTLRGYYNQSEAGSHTVQRMYGCDVGSDWRFLRGYHQYAYDGKDYIALKEDLRSWTAADMAAQTTKHKWEAAHVAEQLRAYLEGTCVEWLRRYLENGKETLQRTDAPKTHMTHHAVSDHEATLRCWALSFYPAEITLTWQRDGEDQTQDTELVETRPAGDGTFQKWAAVVVPSGQEQRYTCHVQHEGLPKPLTLRWEPSSQPTIPIVGIIAGLVLFGAVITGAVVAAVMWRRKSSDRKGGSYSQAASSDSAQGSDVSLTACKV,KLYEAEDDFKK,0.7529783,2.8311396,3.1752882,1.887809
braun,107,VANGL2,RILDAREHSY,,10,HLA-A*32:01,0,0,0,1981.7,1.83,,,1.45957828840808,MAVMAPRTLLLLLLGALALTQTWAGSHSMRYFFTSVSRPGRGEPRFIAVGYVDDTQFVRFDSDAASQRMEPRAPWIEQEGPEYWDQETRNVKAHSQTDRESLRIALRYYNQSEAGSHTIQMMYGCDVGPDGRLLRGYQQDAYDGKDYIALNEDLRSWTAADMAAQITQRKWEAARVAEQLRAYLEGTCVEWLRRYLENGKETLQRTDAPKTHMTHHAVSDHEATLRCWALSFYPAEITLTWQRDGEDQTQDTELVETRPAGDGTFQKWASVVVPSGQEQRYTCHVQHEGLPKPLTLRWEPSSQPTIPIVGIIAGLVLFGAMFAGAVVAAVRWRRKSSDRKGGSYSQAASSDSAQGSDMSLTACKV,RILDAREHSY,1.5064173,3.2987552,4.570929,2.8380792
braun,107,DCAF8,REVRLQNKTSY,,11,HLA-B*44:02,1,0,0,1173.06,1.63,,,1.50393646516645,MRVTAPRTLLLLLWGAVALTETWAGSHSMRYFYTAMSRPGRGEPRFITVGYVDDTLFVRFDSDATSPRKEPRAPWIEQEGPEYWDRETQISKTNTQTYRENLRTALRYYNQSEAGSHIIQRMYGCDVGPDGRLLRGYDQDAYDGKDYIALNEDLSSWTAADTAAQITQRKWEAARVAEQDRAYLEGLCVESLRRYLENGKETLQRADPPKTHVTHHPISDHEVTLRCWALGFYPAEITLTWQRDGEDQTQDTELVETRPAGDRTFQKWAAVVVPSGEEQRYTCHVQHEGLPKPLTLRWEPSSQSTVPIVGIVAGLAVLAVVVIGAVVAAVMCRRKSSGGKGGSYSQAACSDSAQGSDVSLTA,REVRLQNKTSY,3.8851552,3.678466,6.0443697,4.500865
braun,107,KMT2E,ASDGLSERPL,,10,HLA-C*05:01,1,0,1,1046.05,0.15,,,0.483627628071585,MRVMAPRTLILLLSGALALTETWACSHSMRYFYTAVSRPGRGEPRFIAVGYVDDTQFVQFDSDAASPRGEPRAPWVEQEGPEYWDRETQKYKRQAQTDRVNLRKLRGYYNQSEAGSHTLQRMYGCDLGPDGRLLRGYNQFAYDGKDYIALNEDLRSWTAADKAAQITQRKWEAAREAEQRRAYLEGTCVEWLRRYLENGKKTLQRAEHPKTHVTHHPVSDHEATLRCWALGFYPAEITLTWQRDGEDQTQDTELVETRPAGDGTFQKWAAVVVPSGEEQRYTCHVQHEGLPEPLTLRWGPSSQPTIPIVGIVAGLAVLAVLAVLGAVMAVVMCRRKSSGGKGGSCSQAASSNSAQGSDESLIACKA,ASDGLSERPL,0.016940998,1.4600265,1.5715364,0.7526672
braun,107,NDRG1,PDMVVSHLFW,,10,HLA-B*44:02,0,0,0,1967.64,0.36,,,0.88261113718214,MRVTAPRTLLLLLWGAVALTETWAGSHSMRYFYTAMSRPGRGEPRFITVGYVDDTLFVRFDSDATSPRKEPRAPWIEQEGPEYWDRETQISKTNTQTYRENLRTALRYYNQSEAGSHIIQRMYGCDVGPDGRLLRGYDQDAYDGKDYIALNEDLSSWTAADTAAQITQRKWEAARVAEQDRAYLEGLCVESLRRYLENGKETLQRADPPKTHVTHHPISDHEVTLRCWALGFYPAEITLTWQRDGEDQTQDTELVETRPAGDRTFQKWAAVVVPSGEEQRYTCHVQHEGLPKPLTLRWEPSSQSTVPIVGIVAGLAVLAVVVIGAVVAAVMCRRKSSGGKGGSYSQAACSDSAQGSDVSLTA,PDMVVSHLFW,3.22995,2.7410688,4.90539,3.5543818
braun,107,FLII,KLQQPDHASW,,10,HLA-A*32:01,1,0,0,177.76,3.71,,,0.722785930134334,MAVMAPRTLLLLLLGALALTQTWAGSHSMRYFFTSVSRPGRGEPRFIAVGYVDDTQFVRFDSDAASQRMEPRAPWIEQEGPEYWDQETRNVKAHSQTDRESLRIALRYYNQSEAGSHTIQMMYGCDVGPDGRLLRGYQQDAYDGKDYIALNEDLRSWTAADMAAQITQRKWEAARVAEQLRAYLEGTCVEWLRRYLENGKETLQRTDAPKTHMTHHAVSDHEATLRCWALSFYPAEITLTWQRDGEDQTQDTELVETRPAGDGTFQKWASVVVPSGQEQRYTCHVQHEGLPKPLTLRWEPSSQPTIPIVGIIAGLVLFGAMFAGAVVAAVRWRRKSSDRKGGSYSQAASSDSAQGSDMSLTACKV,KLQQPDHASW,15.237018,7.1226015,12.037917,12.876223
braun,108,NNT,ALYSPLMSV,,9,HLA-A*02:01,1,0,0,5.08,11.21,,,15.1757615643963,MAVMAPRTLVLLLSGALALTQTWAGSHSMRYFFTSVSRPGRGEPRFIAVGYVDDTQFVRFDSDAASQRMEPRAPWIEQEGPEYWDGETRKVKAHSQTHRVDLGTLRGYYNQSEAGSHTVQRMYGCDVGSDWRFLRGYHQYAYDGKDYIALKEDLRSWTAADMAAQTTKHKWEAAHVAEQLRAYLEGTCVEWLRRYLENGKETLQRTDAPKTHMTHHAVSDHEATLRCWALSFYPAEITLTWQRDGEDQTQDTELVETRPAGDGTFQKWAAVVVPSGQEQRYTCHVQHEGLPKPLTLRWEPSSQPTIPIVGIIAGLVLFGAVITGAVVAAVMWRRKSSDRKGGSYSQAASSDSAQGSDVSLTACKV,ALYSPLMSV,14.822257,10.224096,12.267167,14.157661
braun,108,NSUN5,SRKGSIKGLVY,,11,HLA-B*27:05,0,0,0,2993.96,0.39,,,0.90306339507093,MRVTAPRTLLLLLWGAVALTETWAGSHSMRYFHTSVSRPGRGEPRFITVGYVDDTLFVRFDSDAASPREEPRAPWIEQEGPEYWDRETQICKAKAQTDREDLRTLLRYYNQSEAGSHTLQNMYGCDVGPDGRLLRGYHQDAYDGKDYIALNEDLSSWTAADTAAQITQRKWEAARVAEQLRAYLEGECVEWLRRYLENGKETLQRADPPKTHVTHHPISDHEATLRCWALGFYPAEITLTWQRDGEDQTQDTELVETRPAGDRTFQKWAAVVVPSGEEQRYTCHVQHEGLPKPLTLRWEPSSQSTVPIVGIVAGLAVLAVVVIGAVVAAVMCRRKSSGGKGGSYSQAACSDSAQGSDVSLTA,SRKGSIKGLVY,0.54861,2.1912217,2.877916,1.5765383
braun,108,METTL16,SLNFKNPEA,,9,HLA-A*02:01,1,0,0,523.9,0.75,,,0.659674014549813,MAVMAPRTLVLLLSGALALTQTWAGSHSMRYFFTSVSRPGRGEPRFIAVGYVDDTQFVRFDSDAASQRMEPRAPWIEQEGPEYWDGETRKVKAHSQTHRVDLGTLRGYYNQSEAGSHTVQRMYGCDVGSDWRFLRGYHQYAYDGKDYIALKEDLRSWTAADMAAQTTKHKWEAAHVAEQLRAYLEGTCVEWLRRYLENGKETLQRTDAPKTHMTHHAVSDHEATLRCWALSFYPAEITLTWQRDGEDQTQDTELVETRPAGDGTFQKWAAVVVPSGQEQRYTCHVQHEGLPKPLTLRWEPSSQPTIPIVGIIAGLVLFGAVITGAVVAAVMWRRKSSDRKGGSYSQAASSDSAQGSDVSLTACKV,SLNFKNPEA,0.7609385,2.3858075,2.9452646,1.7203851
braun,108,KDM5C,FRFTPPNPEA,,10,HLA-B*27:05,0,0,0,1095.87,0.35,,,0.6486795518607,MRVTAPRTLLLLLWGAVALTETWAGSHSMRYFHTSVSRPGRGEPRFITVGYVDDTLFVRFDSDAASPREEPRAPWIEQEGPEYWDRETQICKAKAQTDREDLRTLLRYYNQSEAGSHTLQNMYGCDVGPDGRLLRGYHQDAYDGKDYIALNEDLSSWTAADTAAQITQRKWEAARVAEQLRAYLEGECVEWLRRYLENGKETLQRADPPKTHVTHHPISDHEATLRCWALGFYPAEITLTWQRDGEDQTQDTELVETRPAGDRTFQKWAAVVVPSGEEQRYTCHVQHEGLPKPLTLRWEPSSQSTVPIVGIVAGLAVLAVVVIGAVVAAVMCRRKSSGGKGGSYSQAACSDSAQGSDVSLTA,FRFTPPNPEA,1.5101752,2.8371184,4.388495,2.6352983
braun,108,MAF,PRHAAGGLHF,,10,HLA-B*27:05,0,0,0,5281.52,0.51,,,0.586339282943225,MRVTAPRTLLLLLWGAVALTETWAGSHSMRYFHTSVSRPGRGEPRFITVGYVDDTLFVRFDSDAASPREEPRAPWIEQEGPEYWDRETQICKAKAQTDREDLRTLLRYYNQSEAGSHTLQNMYGCDVGPDGRLLRGYHQDAYDGKDYIALNEDLSSWTAADTAAQITQRKWEAARVAEQLRAYLEGECVEWLRRYLENGKETLQRADPPKTHVTHHPISDHEATLRCWALGFYPAEITLTWQRDGEDQTQDTELVETRPAGDRTFQKWAAVVVPSGEEQRYTCHVQHEGLPKPLTLRWEPSSQSTVPIVGIVAGLAVLAVVVIGAVVAAVMCRRKSSGGKGGSYSQAACSDSAQGSDVSLTA,PRHAAGGLHF,0.7719543,2.1391914,3.1759422,1.7715657
braun,108,NNT,ALYSPLMSV,,9,HLA-A*02:01,0,0,0,5.08,11.21,,,15.1757615643963,MAVMAPRTLVLLLSGALALTQTWAGSHSMRYFFTSVSRPGRGEPRFIAVGYVDDTQFVRFDSDAASQRMEPRAPWIEQEGPEYWDGETRKVKAHSQTHRVDLGTLRGYYNQSEAGSHTVQRMYGCDVGSDWRFLRGYHQYAYDGKDYIALKEDLRSWTAADMAAQTTKHKWEAAHVAEQLRAYLEGTCVEWLRRYLENGKETLQRTDAPKTHMTHHAVSDHEATLRCWALSFYPAEITLTWQRDGEDQTQDTELVETRPAGDGTFQKWAAVVVPSGQEQRYTCHVQHEGLPKPLTLRWEPSSQPTIPIVGIIAGLVLFGAVITGAVVAAVMWRRKSSDRKGGSYSQAASSDSAQGSDVSLTACKV,ALYSPLMSV,14.822257,10.224096,12.267167,14.157661
braun,108,GPT2,YAVPGPIVL,,9,HLA-A*02:01,0,0,0,2799.1,0.38,,,0.508526343116777,MAVMAPRTLVLLLSGALALTQTWAGSHSMRYFFTSVSRPGRGEPRFIAVGYVDDTQFVRFDSDAASQRMEPRAPWIEQEGPEYWDGETRKVKAHSQTHRVDLGTLRGYYNQSEAGSHTVQRMYGCDVGSDWRFLRGYHQYAYDGKDYIALKEDLRSWTAADMAAQTTKHKWEAAHVAEQLRAYLEGTCVEWLRRYLENGKETLQRTDAPKTHMTHHAVSDHEATLRCWALSFYPAEITLTWQRDGEDQTQDTELVETRPAGDGTFQKWAAVVVPSGQEQRYTCHVQHEGLPKPLTLRWEPSSQPTIPIVGIIAGLVLFGAVITGAVVAAVMWRRKSSDRKGGSYSQAASSDSAQGSDVSLTACKV,YAVPGPIVL,0.8885058,2.2260914,2.904544,1.766942
braun,108,C2,WRELNDLGSK,,10,HLA-B*27:05,0,0,0,277.91,0.26,,,0.502385019597588,MRVTAPRTLLLLLWGAVALTETWAGSHSMRYFHTSVSRPGRGEPRFITVGYVDDTLFVRFDSDAASPREEPRAPWIEQEGPEYWDRETQICKAKAQTDREDLRTLLRYYNQSEAGSHTLQNMYGCDVGPDGRLLRGYHQDAYDGKDYIALNEDLSSWTAADTAAQITQRKWEAARVAEQLRAYLEGECVEWLRRYLENGKETLQRADPPKTHVTHHPISDHEATLRCWALGFYPAEITLTWQRDGEDQTQDTELVETRPAGDRTFQKWAAVVVPSGEEQRYTCHVQHEGLPKPLTLRWEPSSQSTVPIVGIVAGLAVLAVVVIGAVVAAVMCRRKSSGGKGGSYSQAACSDSAQGSDVSLTA,WRELNDLGSK,0.7089997,2.1749153,3.10187,1.7092669
braun,108,RAB2B,TRPETFNHL,,9,HLA-B*27:05,1,0,0,6621.6,0.26,,,0.47943752855932,MRVTAPRTLLLLLWGAVALTETWAGSHSMRYFHTSVSRPGRGEPRFITVGYVDDTLFVRFDSDAASPREEPRAPWIEQEGPEYWDRETQICKAKAQTDREDLRTLLRYYNQSEAGSHTLQNMYGCDVGPDGRLLRGYHQDAYDGKDYIALNEDLSSWTAADTAAQITQRKWEAARVAEQLRAYLEGECVEWLRRYLENGKETLQRADPPKTHVTHHPISDHEATLRCWALGFYPAEITLTWQRDGEDQTQDTELVETRPAGDRTFQKWAAVVVPSGEEQRYTCHVQHEGLPKPLTLRWEPSSQSTVPIVGIVAGLAVLAVVVIGAVVAAVMCRRKSSGGKGGSYSQAACSDSAQGSDVSLTA,TRPETFNHL,1.1802399,2.5377698,3.8968933,2.268854
braun,108,TNK2,TRLSHFEYVKK,,11,HLA-B*27:05,0,0,0,412.69,2.07,,,1.29352879212074,MRVTAPRTLLLLLWGAVALTETWAGSHSMRYFHTSVSRPGRGEPRFITVGYVDDTLFVRFDSDAASPREEPRAPWIEQEGPEYWDRETQICKAKAQTDREDLRTLLRYYNQSEAGSHTLQNMYGCDVGPDGRLLRGYHQDAYDGKDYIALNEDLSSWTAADTAAQITQRKWEAARVAEQLRAYLEGECVEWLRRYLENGKETLQRADPPKTHVTHHPISDHEATLRCWALGFYPAEITLTWQRDGEDQTQDTELVETRPAGDRTFQKWAAVVVPSGEEQRYTCHVQHEGLPKPLTLRWEPSSQSTVPIVGIVAGLAVLAVVVIGAVVAAVMCRRKSSGGKGGSYSQAACSDSAQGSDVSLTA,TRLSHFEYVKK,4.9426527,3.955923,6.8606563,5.3014755
braun,108,KDM5C,ARVAQRLKL,,9,HLA-B*27:05,1,0,1,66.1,0.79,,,0.949937824891318,MRVTAPRTLLLLLWGAVALTETWAGSHSMRYFHTSVSRPGRGEPRFITVGYVDDTLFVRFDSDAASPREEPRAPWIEQEGPEYWDRETQICKAKAQTDREDLRTLLRYYNQSEAGSHTLQNMYGCDVGPDGRLLRGYHQDAYDGKDYIALNEDLSSWTAADTAAQITQRKWEAARVAEQLRAYLEGECVEWLRRYLENGKETLQRADPPKTHVTHHPISDHEATLRCWALGFYPAEITLTWQRDGEDQTQDTELVETRPAGDRTFQKWAAVVVPSGEEQRYTCHVQHEGLPKPLTLRWEPSSQSTVPIVGIVAGLAVLAVVVIGAVVAAVMCRRKSSGGKGGSYSQAACSDSAQGSDVSLTA,ARVAQRLKL,2.9589617,3.6486406,6.0022454,4.0281324
braun,108,DLC1,HQYVPKDQRL,,10,HLA-B*27:06,1,0,0,14691.0,0.85,,,0.294090487356805,MRVTAPRTLLLLLWGAVALTETWAGSHSMRYFHTSVSRPGRGEPRFITVGYVDDTLFVRFDSDAASPREEPRAPWIEQEGPEYWDRETQICKAKAQTDRESLRTLLRYYNQSEAGSHTLQNMYGCDVGPDGRLLRGYDQYAYDGKDYIALNEDLSSWTAADTAAQITQRKWEAAREAEQLRAYLEGECVEWLRRYLENGKETLQRADPPKTHVTHHPISDHEATLRCWALGFYPGEITLTWQRDGEDQTQDTELVETRPAGDRTFQKWAAVVVPSGEEQRYTCHVQHEGLPKPLTLRWEPSSQSTVPIVGIVAGLAVLAVVVIGAVVAAVMCRRKSSGGKGGSYSQAACSDSAQGSDVSLTA,HQYVPKDQRL,0.49977636,1.9741585,2.6053972,1.4168427
braun,108,KDM5C,ARVAQRLKL,,9,HLA-B*27:05,1,0,0,66.1,0.79,,,0.949937824891318,MRVTAPRTLLLLLWGAVALTETWAGSHSMRYFHTSVSRPGRGEPRFITVGYVDDTLFVRFDSDAASPREEPRAPWIEQEGPEYWDRETQICKAKAQTDREDLRTLLRYYNQSEAGSHTLQNMYGCDVGPDGRLLRGYHQDAYDGKDYIALNEDLSSWTAADTAAQITQRKWEAARVAEQLRAYLEGECVEWLRRYLENGKETLQRADPPKTHVTHHPISDHEATLRCWALGFYPAEITLTWQRDGEDQTQDTELVETRPAGDRTFQKWAAVVVPSGEEQRYTCHVQHEGLPKPLTLRWEPSSQSTVPIVGIVAGLAVLAVVVIGAVVAAVMCRRKSSGGKGGSYSQAACSDSAQGSDVSLTA,ARVAQRLKL,2.9589617,3.6486406,6.0022454,4.0281324
braun,108,DHRS9,ARTFDKKRF,,9,HLA-B*27:05,0,0,0,1933.8,0.3,,,0.529591179211274,MRVTAPRTLLLLLWGAVALTETWAGSHSMRYFHTSVSRPGRGEPRFITVGYVDDTLFVRFDSDAASPREEPRAPWIEQEGPEYWDRETQICKAKAQTDREDLRTLLRYYNQSEAGSHTLQNMYGCDVGPDGRLLRGYHQDAYDGKDYIALNEDLSSWTAADTAAQITQRKWEAARVAEQLRAYLEGECVEWLRRYLENGKETLQRADPPKTHVTHHPISDHEATLRCWALGFYPAEITLTWQRDGEDQTQDTELVETRPAGDRTFQKWAAVVVPSGEEQRYTCHVQHEGLPKPLTLRWEPSSQSTVPIVGIVAGLAVLAVVVIGAVVAAVMCRRKSSGGKGGSYSQAACSDSAQGSDVSLTA,ARTFDKKRF,0.54653597,2.0428653,2.777866,1.5121398
braun,108,EFCAB13,LRSILPSTGI,,10,HLA-B*27:05,1,0,0,373.2,0.26,,,1.20266698779973,MRVTAPRTLLLLLWGAVALTETWAGSHSMRYFHTSVSRPGRGEPRFITVGYVDDTLFVRFDSDAASPREEPRAPWIEQEGPEYWDRETQICKAKAQTDREDLRTLLRYYNQSEAGSHTLQNMYGCDVGPDGRLLRGYHQDAYDGKDYIALNEDLSSWTAADTAAQITQRKWEAARVAEQLRAYLEGECVEWLRRYLENGKETLQRADPPKTHVTHHPISDHEATLRCWALGFYPAEITLTWQRDGEDQTQDTELVETRPAGDRTFQKWAAVVVPSGEEQRYTCHVQHEGLPKPLTLRWEPSSQSTVPIVGIVAGLAVLAVVVIGAVVAAVMCRRKSSGGKGGSYSQAACSDSAQGSDVSLTA,LRSILPSTGI,0.6444276,2.1936562,2.9876757,1.657276
braun,109,PRRC2A,KEALPPVLL,,9,HLA-B*44:02,1,0,0,1063.84,1.5,,,1.38757231355122,MRVTAPRTLLLLLWGAVALTETWAGSHSMRYFYTAMSRPGRGEPRFITVGYVDDTLFVRFDSDATSPRKEPRAPWIEQEGPEYWDRETQISKTNTQTYRENLRTALRYYNQSEAGSHIIQRMYGCDVGPDGRLLRGYDQDAYDGKDYIALNEDLSSWTAADTAAQITQRKWEAARVAEQDRAYLEGLCVESLRRYLENGKETLQRADPPKTHVTHHPISDHEVTLRCWALGFYPAEITLTWQRDGEDQTQDTELVETRPAGDRTFQKWAAVVVPSGEEQRYTCHVQHEGLPKPLTLRWEPSSQSTVPIVGIVAGLAVLAVVVIGAVVAAVMCRRKSSGGKGGSYSQAACSDSAQGSDVSLTA,KEALPPVLL,4.5381355,3.9773345,6.5007854,5.0767
braun,109,RPA1,YLMDISGKV,,9,HLA-A*02:01,1,0,1,3.23,10.43,,,46.5323704214437,MAVMAPRTLVLLLSGALALTQTWAGSHSMRYFFTSVSRPGRGEPRFIAVGYVDDTQFVRFDSDAASQRMEPRAPWIEQEGPEYWDGETRKVKAHSQTHRVDLGTLRGYYNQSEAGSHTVQRMYGCDVGSDWRFLRGYHQYAYDGKDYIALKEDLRSWTAADMAAQTTKHKWEAAHVAEQLRAYLEGTCVEWLRRYLENGKETLQRTDAPKTHMTHHAVSDHEATLRCWALSFYPAEITLTWQRDGEDQTQDTELVETRPAGDGTFQKWAAVVVPSGQEQRYTCHVQHEGLPKPLTLRWEPSSQPTIPIVGIIAGLVLFGAVITGAVVAAVMWRRKSSDRKGGSYSQAASSDSAQGSDVSLTACKV,YLMDISGKV,14.277718,10.108897,11.993393,13.774103
braun,109,CCDC130,AAGSASSSKV,,10,HLA-C*05:01,1,0,0,20855.15,0.21,,,0.483780383626239,MRVMAPRTLILLLSGALALTETWACSHSMRYFYTAVSRPGRGEPRFIAVGYVDDTQFVQFDSDAASPRGEPRAPWVEQEGPEYWDRETQKYKRQAQTDRVNLRKLRGYYNQSEAGSHTLQRMYGCDLGPDGRLLRGYNQFAYDGKDYIALNEDLRSWTAADKAAQITQRKWEAAREAEQRRAYLEGTCVEWLRRYLENGKKTLQRAEHPKTHVTHHPVSDHEATLRCWALGFYPAEITLTWQRDGEDQTQDTELVETRPAGDGTFQKWAAVVVPSGEEQRYTCHVQHEGLPEPLTLRWGPSSQPTIPIVGIVAGLAVLAVLAVLGAVMAVVMCRRKSSGGKGGSCSQAASSNSAQGSDESLIACKA,AAGSASSSKV,0.63033676,1.9719704,2.6976902,1.5095936
braun,109,PBRM1,FLKKKFLRV,,9,HLA-B*08:01,1,0,1,9.23,0.29,,,1.0173320559999,MLVMAPRTVLLLLSAALALTETWAGSHSMRYFDTAMSRPGRGEPRFISVGYVDDTQFVRFDSDAASPREEPRAPWIEQEGPEYWDRNTQIFKTNTQTDRESLRNLRGYYNQSEAGSHTLQSMYGCDVGPDGRLLRGHNQYAYDGKDYIALNEDLRSWTAADTAAQITQRKWEAARVAEQDRAYLEGTCVEWLRRYLENGKDTLERADPPKTHVTHHPISDHEATLRCWALGFYPAEITLTWQRDGEDQTQDTELVETRPAGDRTFQKWAAVVVPSGEEQRYTCHVQHEGLPKPLTLRWEPSSQSTVPIVGIVAGLAVLAVVVIGAVVAAVMCRRKSSGGKGGSYSQAACSDSAQGSDVSLTA,FLKKKFLRV,0.9961198,1.9689945,3.1140761,1.800761
braun,109,PRRC2A,KEALPPVLL,,9,HLA-B*44:02,0,0,0,1063.84,1.5,,,1.38757231355122,MRVTAPRTLLLLLWGAVALTETWAGSHSMRYFYTAMSRPGRGEPRFITVGYVDDTLFVRFDSDATSPRKEPRAPWIEQEGPEYWDRETQISKTNTQTYRENLRTALRYYNQSEAGSHIIQRMYGCDVGPDGRLLRGYDQDAYDGKDYIALNEDLSSWTAADTAAQITQRKWEAARVAEQDRAYLEGLCVESLRRYLENGKETLQRADPPKTHVTHHPISDHEVTLRCWALGFYPAEITLTWQRDGEDQTQDTELVETRPAGDRTFQKWAAVVVPSGEEQRYTCHVQHEGLPKPLTLRWEPSSQSTVPIVGIVAGLAVLAVVVIGAVVAAVMCRRKSSGGKGGSYSQAACSDSAQGSDVSLTA,KEALPPVLL,4.5381355,3.9773345,6.5007854,5.0767
braun,109,PBRM1,FLKKKFLRV,,9,HLA-B*08:01,0,0,0,9.23,0.29,,,1.0173320559999,MLVMAPRTVLLLLSAALALTETWAGSHSMRYFDTAMSRPGRGEPRFISVGYVDDTQFVRFDSDAASPREEPRAPWIEQEGPEYWDRNTQIFKTNTQTDRESLRNLRGYYNQSEAGSHTLQSMYGCDVGPDGRLLRGHNQYAYDGKDYIALNEDLRSWTAADTAAQITQRKWEAARVAEQDRAYLEGTCVEWLRRYLENGKDTLERADPPKTHVTHHPISDHEATLRCWALGFYPAEITLTWQRDGEDQTQDTELVETRPAGDRTFQKWAAVVVPSGEEQRYTCHVQHEGLPKPLTLRWEPSSQSTVPIVGIVAGLAVLAVVVIGAVVAAVMCRRKSSGGKGGSYSQAACSDSAQGSDVSLTA,FLKKKFLRV,0.9961198,1.9689945,3.1140761,1.800761
braun,109,ZNF280B,LEFEKQRNNSW,,11,HLA-B*44:02,1,0,0,333.14,0.72,,,3.22721583551233,MRVTAPRTLLLLLWGAVALTETWAGSHSMRYFYTAMSRPGRGEPRFITVGYVDDTLFVRFDSDATSPRKEPRAPWIEQEGPEYWDRETQISKTNTQTYRENLRTALRYYNQSEAGSHIIQRMYGCDVGPDGRLLRGYDQDAYDGKDYIALNEDLSSWTAADTAAQITQRKWEAARVAEQDRAYLEGLCVESLRRYLENGKETLQRADPPKTHVTHHPISDHEVTLRCWALGFYPAEITLTWQRDGEDQTQDTELVETRPAGDRTFQKWAAVVVPSGEEQRYTCHVQHEGLPKPLTLRWEPSSQSTVPIVGIVAGLAVLAVVVIGAVVAAVMCRRKSSGGKGGSYSQAACSDSAQGSDVSLTA,LEFEKQRNNSW,1.7169993,2.4258246,3.9702587,2.5539596
braun,109,RRN3,QMVHPVAERLW,,11,HLA-B*44:02,1,0,1,9795.74,0.26,,,0.586114171568536,MRVTAPRTLLLLLWGAVALTETWAGSHSMRYFYTAMSRPGRGEPRFITVGYVDDTLFVRFDSDATSPRKEPRAPWIEQEGPEYWDRETQISKTNTQTYRENLRTALRYYNQSEAGSHIIQRMYGCDVGPDGRLLRGYDQDAYDGKDYIALNEDLSSWTAADTAAQITQRKWEAARVAEQDRAYLEGLCVESLRRYLENGKETLQRADPPKTHVTHHPISDHEVTLRCWALGFYPAEITLTWQRDGEDQTQDTELVETRPAGDRTFQKWAAVVVPSGEEQRYTCHVQHEGLPKPLTLRWEPSSQSTVPIVGIVAGLAVLAVVVIGAVVAAVMCRRKSSGGKGGSYSQAACSDSAQGSDVSLTA,QMVHPVAERLW,1.1914241,1.847477,3.172844,1.8969252
braun,109,PRRC2A,KEALPPVLL,,9,HLA-B*44:02,0,0,0,1063.84,1.5,,,1.38757231355122,MRVTAPRTLLLLLWGAVALTETWAGSHSMRYFYTAMSRPGRGEPRFITVGYVDDTLFVRFDSDATSPRKEPRAPWIEQEGPEYWDRETQISKTNTQTYRENLRTALRYYNQSEAGSHIIQRMYGCDVGPDGRLLRGYDQDAYDGKDYIALNEDLSSWTAADTAAQITQRKWEAARVAEQDRAYLEGLCVESLRRYLENGKETLQRADPPKTHVTHHPISDHEVTLRCWALGFYPAEITLTWQRDGEDQTQDTELVETRPAGDRTFQKWAAVVVPSGEEQRYTCHVQHEGLPKPLTLRWEPSSQSTVPIVGIVAGLAVLAVVVIGAVVAAVMCRRKSSGGKGGSYSQAACSDSAQGSDVSLTA,KEALPPVLL,4.5381355,3.9773345,6.5007854,5.0767
braun,109,PBRM1,FLKKKFLRV,,9,HLA-B*08:01,1,0,1,9.23,0.29,,,1.0173320559999,MLVMAPRTVLLLLSAALALTETWAGSHSMRYFDTAMSRPGRGEPRFISVGYVDDTQFVRFDSDAASPREEPRAPWIEQEGPEYWDRNTQIFKTNTQTDRESLRNLRGYYNQSEAGSHTLQSMYGCDVGPDGRLLRGHNQYAYDGKDYIALNEDLRSWTAADTAAQITQRKWEAARVAEQDRAYLEGTCVEWLRRYLENGKDTLERADPPKTHVTHHPISDHEATLRCWALGFYPAEITLTWQRDGEDQTQDTELVETRPAGDRTFQKWAAVVVPSGEEQRYTCHVQHEGLPKPLTLRWEPSSQSTVPIVGIVAGLAVLAVVVIGAVVAAVMCRRKSSGGKGGSYSQAACSDSAQGSDVSLTA,FLKKKFLRV,0.9961198,1.9689945,3.1140761,1.800761
braun,109,ZNF280B,LEFEKQRNNSW,,11,HLA-B*44:02,0,0,0,333.14,0.72,,,3.22721583551233,MRVTAPRTLLLLLWGAVALTETWAGSHSMRYFYTAMSRPGRGEPRFITVGYVDDTLFVRFDSDATSPRKEPRAPWIEQEGPEYWDRETQISKTNTQTYRENLRTALRYYNQSEAGSHIIQRMYGCDVGPDGRLLRGYDQDAYDGKDYIALNEDLSSWTAADTAAQITQRKWEAARVAEQDRAYLEGLCVESLRRYLENGKETLQRADPPKTHVTHHPISDHEVTLRCWALGFYPAEITLTWQRDGEDQTQDTELVETRPAGDRTFQKWAAVVVPSGEEQRYTCHVQHEGLPKPLTLRWEPSSQSTVPIVGIVAGLAVLAVVVIGAVVAAVMCRRKSSGGKGGSYSQAACSDSAQGSDVSLTA,LEFEKQRNNSW,1.7169993,2.4258246,3.9702587,2.5539596
braun,109,RRN3,QMVHPVAERLW,,11,HLA-B*44:02,1,0,1,9795.74,0.26,,,0.586114171568536,MRVTAPRTLLLLLWGAVALTETWAGSHSMRYFYTAMSRPGRGEPRFITVGYVDDTLFVRFDSDATSPRKEPRAPWIEQEGPEYWDRETQISKTNTQTYRENLRTALRYYNQSEAGSHIIQRMYGCDVGPDGRLLRGYDQDAYDGKDYIALNEDLSSWTAADTAAQITQRKWEAARVAEQDRAYLEGLCVESLRRYLENGKETLQRADPPKTHVTHHPISDHEVTLRCWALGFYPAEITLTWQRDGEDQTQDTELVETRPAGDRTFQKWAAVVVPSGEEQRYTCHVQHEGLPKPLTLRWEPSSQSTVPIVGIVAGLAVLAVVVIGAVVAAVMCRRKSSGGKGGSYSQAACSDSAQGSDVSLTA,QMVHPVAERLW,1.1914241,1.847477,3.172844,1.8969252
braun,109,ACAN,EEVLEIAASGF,,11,HLA-B*44:02,1,0,0,695.8,0.52,,,1.60584294000339,MRVTAPRTLLLLLWGAVALTETWAGSHSMRYFYTAMSRPGRGEPRFITVGYVDDTLFVRFDSDATSPRKEPRAPWIEQEGPEYWDRETQISKTNTQTYRENLRTALRYYNQSEAGSHIIQRMYGCDVGPDGRLLRGYDQDAYDGKDYIALNEDLSSWTAADTAAQITQRKWEAARVAEQDRAYLEGLCVESLRRYLENGKETLQRADPPKTHVTHHPISDHEVTLRCWALGFYPAEITLTWQRDGEDQTQDTELVETRPAGDRTFQKWAAVVVPSGEEQRYTCHVQHEGLPKPLTLRWEPSSQSTVPIVGIVAGLAVLAVVVIGAVVAAVMCRRKSSGGKGGSYSQAACSDSAQGSDVSLTA,EEVLEIAASGF,2.3943436,2.848099,4.650545,3.198707
braun,109,RRN3,QMVHPVAERLW,,11,HLA-B*44:02,1,0,1,9795.74,0.26,,,0.586114171568536,MRVTAPRTLLLLLWGAVALTETWAGSHSMRYFYTAMSRPGRGEPRFITVGYVDDTLFVRFDSDATSPRKEPRAPWIEQEGPEYWDRETQISKTNTQTYRENLRTALRYYNQSEAGSHIIQRMYGCDVGPDGRLLRGYDQDAYDGKDYIALNEDLSSWTAADTAAQITQRKWEAARVAEQDRAYLEGLCVESLRRYLENGKETLQRADPPKTHVTHHPISDHEVTLRCWALGFYPAEITLTWQRDGEDQTQDTELVETRPAGDRTFQKWAAVVVPSGEEQRYTCHVQHEGLPKPLTLRWEPSSQSTVPIVGIVAGLAVLAVVVIGAVVAAVMCRRKSSGGKGGSYSQAACSDSAQGSDVSLTA,QMVHPVAERLW,1.1914241,1.847477,3.172844,1.8969252
braun,109,NEB,VTDTFSDV,,8,HLA-C*05:01,0,0,0,1030.97,0.2,,,0.576528482033425,MRVMAPRTLILLLSGALALTETWACSHSMRYFYTAVSRPGRGEPRFIAVGYVDDTQFVQFDSDAASPRGEPRAPWVEQEGPEYWDRETQKYKRQAQTDRVNLRKLRGYYNQSEAGSHTLQRMYGCDLGPDGRLLRGYNQFAYDGKDYIALNEDLRSWTAADKAAQITQRKWEAAREAEQRRAYLEGTCVEWLRRYLENGKKTLQRAEHPKTHVTHHPVSDHEATLRCWALGFYPAEITLTWQRDGEDQTQDTELVETRPAGDGTFQKWAAVVVPSGEEQRYTCHVQHEGLPEPLTLRWGPSSQPTIPIVGIVAGLAVLAVLAVLGAVMAVVMCRRKSSGGKGGSCSQAASSNSAQGSDESLIACKA,VTDTFSDV,1.8260272,2.7870715,3.9233027,2.6521616
braun,109,FAM90A1,ARGPMPVHTT,,10,HLA-C*07:01,1,0,0,22729.46,0.08,,,0.420176751026431,MRVMAPRALLLLLSGGLALTETWACSHSMRYFDTAVSRPGRGEPRFISVGYVDDTQFVRFDSDAASPRGEPRAPWVEQEGPEYWDRETQNYKRQAQADRVSLRNLRGYYNQSEDGSHTLQRMYGCDLGPDGRLLRGYDQSAYDGKDYIALNEDLRSWTAADTAAQITQRKLEAARAAEQLRAYLEGTCVEWLRRYLENGKETLQRAEPPKTHVTHHPLSDHEATLRCWALGFYPAEITLTWQRDGEDQTQDTELVETRPAGDGTFQKWAAVVVPSGQEQRYTCHMQHEGLQEPLTLSWEPSSQPTIPIMGIVAGLAVLVVLAVLGAVVTAMMCRRKSSGGKGGSCSQAACSNSAQGSDESLITCKA,ARGPMPVHTT,0.4228809,2.07345,2.567368,1.3827552
braun,110,GSPT1,KVLKLIPEK,,9,HLA-A*03:01,1,1,1,38.97,3.75,,,4.66846128331286,MAVMAPRTLLLLLSGALALTQTWAGSHSMRYFFTSVSRPGRGEPRFIAVGYVDDTQFVRFDSDAASQRMEPRAPWIEQEGPEYWDQETRNVKAQSQTDRVDLGTLRGYYNQSEAGSHTIQIMYGCDVGSDGRFLRGYRQDAYDGKDYIALNEDLRSWTAADMAAQITKRKWEAAHEAEQLRAYLDGTCVEWLRRYLENGKETLQRTDPPKTHMTHHPISDHEATLRCWALGFYPAEITLTWQRDGEDQTQDTELVETRPAGDGTFQKWAAVVVPSGEEQRYTCHVQHEGLPKPLTLRWELSSQPTIPIVGIIAGLVLLGAVITGAVVAAVMWRRKSSDRKGGSYTQAASSDSAQGSDVSLTACKV,KVLKLIPEK,19.330387,8.585991,13.579969,16.158043
braun,110,YPEL3,SEPKTFQAY,,9,HLA-B*18:01,1,1,1,103.84,1.18,,,1.177048062594,MRVTAPRTLLLLLWGAVALTETWAGSHSMRYFHTSVSRPGRGEPRFISVGYVDGTQFVRFDSDAASPRTEPRAPWIEQEGPEYWDRNTQISKTNTQTYRESLRNLRGYYNQSEAGSHTLQRMYGCDVGPDGRLLRGHDQSAYDGKDYIALNEDLSSWTAADTAAQITQRKWEAARVAEQLRAYLEGTCVEWLRRHLENGKETLQRADPPKTHVTHHPISDHEATLRCWALGFYPAEITLTWQRDGEDQTQDTELVETRPAGDRTFQKWAAVVVPSGEEQRYTCHVQHEGLPKPLTLRWEPSSQSTIPIVGIVAGLAVLAVVVIGAVVATVMCRRKSSGGKGGSYSQAASSDSAQGSDVSLTA,SEPKTFQAY,1.3585552,2.6161091,3.7652464,2.3705354
braun,110,TNK1,RPSQPSRERL,,10,HLA-B*07:02,1,1,0,10.79,4.8,,,82.4274943055183,MLVMAPRTVLLLLSAALALTETWAGSHSMRYFYTSVSRPGRGEPRFISVGYVDDTQFVRFDSDAASPREEPRAPWIEQEGPEYWDRNTQIYKAQAQTDRESLRNLRGYYNQSEAGSHTLQSMYGCDVGPDGRLLRGHDQYAYDGKDYIALNEDLRSWTAADTAAQITQRKWEAAREAEQRRAYLEGECVEWLRRYLENGKDKLERADPPKTHVTHHPISDHEATLRCWALGFYPAEITLTWQRDGEDQTQDTELVETRPAGDRTFQKWAAVVVPSGEEQRYTCHVQHEGLPKPLTLRWEPSSQSTVPIVGIVAGLAVLAVVVIGAVVAAVMCRRKSSGGKGGSYSQAACSDSAQGSDVSLTA,RPSQPSRERL,3.9581301,3.534493,5.94529,4.4261017
braun,110,MARK3,MREIREVL,,8,HLA-C*07:02,0,1,0,3523.2,0.11,,,0.55788668116335,MRVMAPRALLLLLSGGLALTETWACSHSMRYFDTAVSRPGRGEPRFISVGYVDDTQFVRFDSDAASPRGEPRAPWVEQEGPEYWDRETQKYKRQAQADRVSLRNLRGYYNQSEDGSHTLQRMSGCDLGPDGRLLRGYDQSAYDGKDYIALNEDLRSWTAADTAAQITQRKLEAARAAEQLRAYLEGTCVEWLRRYLENGKETLQRAEPPKTHVTHHPLSDHEATLRCWALGFYPAEITLTWQRDGEDQTQDTELVETRPAGDGTFQKWAAVVVPSGQEQRYTCHMQHEGLQEPLTLSWEPSSQPTIPIMGIVAGLAVLVVLAVLGAVVTAMMCRRKSSGGKGGSCSQAACSNSAQGSDESLITCKA,MREIREVL,0.3342073,1.7727253,2.2835042,1.2073317
braun,110,PTPN14,HSLEMMNSM,,9,HLA-C*12:03,1,1,1,88.95,0.37,,,0.493411142147594,MRVMAPRTLILLLSGALALTETWACSHSMRYFYTAVSRPGRGEPRFIAVGYVDDTQFVRFDSDAASPRGEPRAPWVEQEGPEYWDRETQKYKRQAQADRVSLRNLRGYYNQSEAGSHTLQWMYGCDLGPDGRLLRGYDQSAYDGKDYIALNEDLRSWTAADTAAQITQRKWEAAREAEQWRAYLEGTCVEWLRRYLENGKETLQRAEHPKTHVTHHPVSDHEATLRCWALGFYPAEITLTWQRDGEDQTQDTELVETRPAGDGTFQKWAAVVVPSGEEQRYTCHVQHEGLPEPLTLRWEPSSQPTIPIVGIVAGLAVLAVLAVLGAVMAVVMCRRKSSGGKGGSCSQAASSNSAQGSDESLIACKA,HSLEMMNSM,0.44082874,1.7863904,2.3843951,1.2814935
braun,110,YPEL3,SEPKTFQAY,,9,HLA-B*18:01,0,1,0,103.84,1.18,,,1.177048062594,MRVTAPRTLLLLLWGAVALTETWAGSHSMRYFHTSVSRPGRGEPRFISVGYVDGTQFVRFDSDAASPRTEPRAPWIEQEGPEYWDRNTQISKTNTQTYRESLRNLRGYYNQSEAGSHTLQRMYGCDVGPDGRLLRGHDQSAYDGKDYIALNEDLSSWTAADTAAQITQRKWEAARVAEQLRAYLEGTCVEWLRRHLENGKETLQRADPPKTHVTHHPISDHEATLRCWALGFYPAEITLTWQRDGEDQTQDTELVETRPAGDRTFQKWAAVVVPSGEEQRYTCHVQHEGLPKPLTLRWEPSSQSTIPIVGIVAGLAVLAVVVIGAVVATVMCRRKSSGGKGGSYSQAASSDSAQGSDVSLTA,SEPKTFQAY,1.3585552,2.6161091,3.7652464,2.3705354
braun,110,PODN,VPNHLPPAL,,9,HLA-B*07:02,1,1,1,22.3,4.54,,,1.39134888141795,MLVMAPRTVLLLLSAALALTETWAGSHSMRYFYTSVSRPGRGEPRFISVGYVDDTQFVRFDSDAASPREEPRAPWIEQEGPEYWDRNTQIYKAQAQTDRESLRNLRGYYNQSEAGSHTLQSMYGCDVGPDGRLLRGHDQYAYDGKDYIALNEDLRSWTAADTAAQITQRKWEAAREAEQRRAYLEGECVEWLRRYLENGKDKLERADPPKTHVTHHPISDHEATLRCWALGFYPAEITLTWQRDGEDQTQDTELVETRPAGDRTFQKWAAVVVPSGEEQRYTCHVQHEGLPKPLTLRWEPSSQSTVPIVGIVAGLAVLAVVVIGAVVAAVMCRRKSSGGKGGSYSQAACSDSAQGSDVSLTA,VPNHLPPAL,4.1091075,3.3257,5.792649,4.362159
braun,110,TRAPPC9,RYSIHSEL,,8,HLA-C*07:02,1,1,1,1433.4,0.12,,,0.749522384573768,MRVMAPRALLLLLSGGLALTETWACSHSMRYFDTAVSRPGRGEPRFISVGYVDDTQFVRFDSDAASPRGEPRAPWVEQEGPEYWDRETQKYKRQAQADRVSLRNLRGYYNQSEDGSHTLQRMSGCDLGPDGRLLRGYDQSAYDGKDYIALNEDLRSWTAADTAAQITQRKLEAARAAEQLRAYLEGTCVEWLRRYLENGKETLQRAEPPKTHVTHHPLSDHEATLRCWALGFYPAEITLTWQRDGEDQTQDTELVETRPAGDGTFQKWAAVVVPSGQEQRYTCHMQHEGLQEPLTLSWEPSSQPTIPIMGIVAGLAVLVVLAVLGAVVTAMMCRRKSSGGKGGSCSQAACSNSAQGSDESLITCKA,RYSIHSEL,0.65621245,1.9762632,2.857798,1.576773
braun,110,CCDC104,SRGDGEHF,,8,HLA-C*07:02,1,1,1,15378.49,0.12,,,0.601766649060098,MRVMAPRALLLLLSGGLALTETWACSHSMRYFDTAVSRPGRGEPRFISVGYVDDTQFVRFDSDAASPRGEPRAPWVEQEGPEYWDRETQKYKRQAQADRVSLRNLRGYYNQSEDGSHTLQRMSGCDLGPDGRLLRGYDQSAYDGKDYIALNEDLRSWTAADTAAQITQRKLEAARAAEQLRAYLEGTCVEWLRRYLENGKETLQRAEPPKTHVTHHPLSDHEATLRCWALGFYPAEITLTWQRDGEDQTQDTELVETRPAGDGTFQKWAAVVVPSGQEQRYTCHMQHEGLQEPLTLSWEPSSQPTIPIMGIVAGLAVLVVLAVLGAVVTAMMCRRKSSGGKGGSCSQAACSNSAQGSDESLITCKA,SRGDGEHF,0.5634303,1.7863088,2.6223762,1.4228711
braun,110,CAPRIN2,SEQNATKSW,,9,HLA-B*18:01,1,1,1,2523.41,0.44,,,0.435949781257183,MRVTAPRTLLLLLWGAVALTETWAGSHSMRYFHTSVSRPGRGEPRFISVGYVDGTQFVRFDSDAASPRTEPRAPWIEQEGPEYWDRNTQISKTNTQTYRESLRNLRGYYNQSEAGSHTLQRMYGCDVGPDGRLLRGHDQSAYDGKDYIALNEDLSSWTAADTAAQITQRKWEAARVAEQLRAYLEGTCVEWLRRHLENGKETLQRADPPKTHVTHHPISDHEATLRCWALGFYPAEITLTWQRDGEDQTQDTELVETRPAGDRTFQKWAAVVVPSGEEQRYTCHVQHEGLPKPLTLRWEPSSQSTIPIVGIVAGLAVLAVVVIGAVVATVMCRRKSSGGKGGSYSQAASSDSAQGSDVSLTA,SEQNATKSW,0.26326147,1.8239294,2.160528,1.1407497
braun,110,INPP4B,DIEDGEADHI,,10,HLA-A*25:01,0,1,0,39233.46,0.1,,,0.0,MAVMAPRTLVLLLSGALALTQTWAGSHSMRYFYTSVSRPGRGEPRFIAVGYVDDTQFVRFDSDAASQRMEPRAPWIEQEGPEYWDRNTRNVKAHSQTDRESLRIALRYYNQSEDGSHTIQRMYGCDVGPDGRFLRGYQQDAYDGKDYIALNEDLRSWTAADMAAQITQRKWETAHEAEQWRAYLEGRCVEWLRRYLENGKETLQRTDAPKTHMTHHAVSDHEATLRCWALSFYPAEITLTWQRDGEDQTQDTELVETRPAGDGTFQKWASVVVPSGQEQRYTCHVQHEGLPKPLTLRWEPSSQPTIPIVGIIAGLVLFGAVIAGAVVAAVMWRRKSSDRKGGSYSQAASSDSAQGSDMSLTACKV,DIEDGEADHI,0.32899976,2.135122,2.3993173,1.2996899
braun,110,DAGLB,YAFSPPQGL,,9,HLA-C*12:03,1,1,1,5.36,0.24,,,0.622184492474085,MRVMAPRTLILLLSGALALTETWACSHSMRYFYTAVSRPGRGEPRFIAVGYVDDTQFVRFDSDAASPRGEPRAPWVEQEGPEYWDRETQKYKRQAQADRVSLRNLRGYYNQSEAGSHTLQWMYGCDLGPDGRLLRGYDQSAYDGKDYIALNEDLRSWTAADTAAQITQRKWEAAREAEQWRAYLEGTCVEWLRRYLENGKETLQRAEHPKTHVTHHPVSDHEATLRCWALGFYPAEITLTWQRDGEDQTQDTELVETRPAGDGTFQKWAAVVVPSGEEQRYTCHVQHEGLPEPLTLRWEPSSQPTIPIVGIVAGLAVLAVLAVLGAVMAVVMCRRKSSGGKGGSCSQAASSNSAQGSDESLIACKA,YAFSPPQGL,2.2232141,2.879108,4.463769,3.0096347
braun,110,CSTF2T,PPAPQPQRL,,9,HLA-B*07:02,0,1,0,8105.01,0.59,,,1.40441806045621,MLVMAPRTVLLLLSAALALTETWAGSHSMRYFYTSVSRPGRGEPRFISVGYVDDTQFVRFDSDAASPREEPRAPWIEQEGPEYWDRNTQIYKAQAQTDRESLRNLRGYYNQSEAGSHTLQSMYGCDVGPDGRLLRGHDQYAYDGKDYIALNEDLRSWTAADTAAQITQRKWEAAREAEQRRAYLEGECVEWLRRYLENGKDKLERADPPKTHVTHHPISDHEATLRCWALGFYPAEITLTWQRDGEDQTQDTELVETRPAGDRTFQKWAAVVVPSGEEQRYTCHVQHEGLPKPLTLRWEPSSQSTVPIVGIVAGLAVLAVVVIGAVVAAVMCRRKSSGGKGGSYSQAACSDSAQGSDVSLTA,PPAPQPQRL,2.751959,2.7427335,4.7870407,3.273887
braun,110,PTGES2,ARWHRAQDL,,9,HLA-C*07:02,1,1,1,987.45,0.1,,,0.433656474600318,MRVMAPRALLLLLSGGLALTETWACSHSMRYFDTAVSRPGRGEPRFISVGYVDDTQFVRFDSDAASPRGEPRAPWVEQEGPEYWDRETQKYKRQAQADRVSLRNLRGYYNQSEDGSHTLQRMSGCDLGPDGRLLRGYDQSAYDGKDYIALNEDLRSWTAADTAAQITQRKLEAARAAEQLRAYLEGTCVEWLRRYLENGKETLQRAEPPKTHVTHHPLSDHEATLRCWALGFYPAEITLTWQRDGEDQTQDTELVETRPAGDGTFQKWAAVVVPSGQEQRYTCHMQHEGLQEPLTLSWEPSSQPTIPIMGIVAGLAVLVVLAVLGAVVTAMMCRRKSSGGKGGSCSQAACSNSAQGSDESLITCKA,ARWHRAQDL,1.5961978,2.374189,3.8997424,2.4435947
braun,110,DOCK7,KPPKAYSVL,,9,HLA-B*07:02,0,1,0,27.2,4.34,,,3.0692472062423,MLVMAPRTVLLLLSAALALTETWAGSHSMRYFYTSVSRPGRGEPRFISVGYVDDTQFVRFDSDAASPREEPRAPWIEQEGPEYWDRNTQIYKAQAQTDRESLRNLRGYYNQSEAGSHTLQSMYGCDVGPDGRLLRGHDQYAYDGKDYIALNEDLRSWTAADTAAQITQRKWEAAREAEQRRAYLEGECVEWLRRYLENGKDKLERADPPKTHVTHHPISDHEATLRCWALGFYPAEITLTWQRDGEDQTQDTELVETRPAGDRTFQKWAAVVVPSGEEQRYTCHVQHEGLPKPLTLRWEPSSQSTVPIVGIVAGLAVLAVVVIGAVVAAVMCRRKSSGGKGGSYSQAACSDSAQGSDVSLTA,KPPKAYSVL,3.5126796,3.0871036,5.4007215,3.9018333
